Airline,Date_of_Journey,Source,Destination,Route,Dep_Time,Arrival_Time,Duration,Total_Stops,Additional_Info,Price
Jet Airways,27/05/2019,Delhi,Cochin,DEL → BOM → COK,07:05,19:00,11h 55m,1 stop,In-flight meal not included,12898
IndiGo,6/03/2019,Delhi,Cochin,DEL → MAA → COK,02:05,07:25,5h 20m,1 stop,No info,10851
Air India,21/03/2019,Delhi,Cochin,DEL → BLR → COK,09:45,23:00,13h 15m,1 stop,No info,5704
Vistara,18/03/2019,Banglore,New Delhi,BLR → DEL,21:10,00:05 16 Mar,2h 55m,non-stop,No info,11598
Multiple carriers,27/05/2019,Delhi,Cochin,DEL → BOM → COK,08:30,19:15,10h 45m,1 stop,No info,9149
Air India,15/06/2019,Kolkata,Banglore,CCU → BLR,20:45,23:20,2h 35m,non-stop,No info,4145
GoAir,21/05/2019,Delhi,Cochin,DEL → BOM → COK,10:35,19:35,9h,1 stop,No info,6195
IndiGo,9/05/2019,Delhi,Cochin,DEL → BOM → COK,11:25,21:00,9h 35m,1 stop,No info,6979
Air India,15/03/2019,Banglore,New Delhi,BLR → DEL,13:20,16:10,2h 50m,non-stop,No info,7276
SpiceJet,15/05/2019,Delhi,Cochin,DEL → PNQ → COK,08:45,13:15,4h 30m,1 stop,No check-in baggage included,4760
Vistara,18/06/2019,Chennai,Kolkata,MAA → CCU,17:45,20:05,2h 20m,non-stop,No info,11982
IndiGo,27/03/2019,Chennai,Kolkata,MAA → CCU,22:05,00:25 28 Mar,2h 20m,non-stop,No info,5277
Air India,9/06/2019,Delhi,Cochin,DEL → BOM → COK,20:00,07:40 10 Jun,11h 40m,1 stop,No info,8372
IndiGo,1/04/2019,Kolkata,Banglore,CCU → BBI → BLR,19:35,23:15,3h 40m,1 stop,No info,4226
IndiGo,18/06/2019,Chennai,Kolkata,MAA → CCU,19:35,21:55,2h 20m,non-stop,No info,3597
Multiple carriers,15/06/2019,Delhi,Cochin,DEL → BOM → COK,08:45,21:00,12h 15m,1 stop,No info,7005
Multiple carriers,9/05/2019,Delhi,Cochin,DEL → HYD → COK,07:05,16:10,9h 5m,1 stop,No info,8018
Jet Airways,9/06/2019,Delhi,Cochin,DEL → BOM → COK,19:45,19:00 10 Jun,23h 15m,1 stop,In-flight meal not included,10577
Jet Airways,12/06/2019,Delhi,Cochin,DEL → IDR → BOM → COK,05:30,19:00,13h 30m,2 stops,In-flight meal not included,11507
Air India,9/05/2019,Delhi,Cochin,DEL → AMD → BOM → COK,05:00,19:15 10 May,38h 15m,2 stops,No info,9653
Jet Airways,15/03/2019,Mumbai,Hyderabad,BOM → HYD,10:20,11:50,1h 30m,non-stop,In-flight meal not included,4160
Jet Airways,3/06/2019,Delhi,Cochin,DEL → BOM → COK,18:15,19:00 04 Jun,24h 45m,1 stop,No info,14714
Jet Airways,9/05/2019,Mumbai,Hyderabad,BOM → HYD,02:55,04:20,1h 25m,non-stop,No info,5678
Air India,18/05/2019,Kolkata,Banglore,CCU → DEL → COK → BLR,07:00,01:20 19 May,18h 20m,2 stops,No info,13873
Multiple carriers,27/06/2019,Delhi,Cochin,DEL → BOM → COK,10:20,19:00,8h 40m,1 stop,No info,11264
Jet Airways,24/03/2019,Kolkata,Banglore,CCU → BOM → BLR,13:55,20:40,6h 45m,1 stop,In-flight meal not included,11134
Air Asia,21/03/2019,Delhi,Cochin,DEL → BLR → COK,16:45,22:15,5h 30m,1 stop,No info,6151
Jet Airways,18/05/2019,Kolkata,Banglore,CCU → BOM → BLR,05:45,19:50,14h 5m,1 stop,In-flight meal not included,10844
Jet Airways,3/06/2019,Delhi,Cochin,DEL → JAI → BOM → COK,09:40,12:35 04 Jun,26h 55m,2 stops,No info,13014
Jet Airways,18/06/2019,Mumbai,Hyderabad,BOM → HYD,10:20,11:50,1h 30m,non-stop,In-flight meal not included,4995
IndiGo,18/04/2019,Kolkata,Banglore,CCU → BLR,15:30,18:05,2h 35m,non-stop,No info,4174
Air India,03/03/2019,Banglore,New Delhi,BLR → DEL,13:20,16:10,2h 50m,non-stop,No info,12841
Jet Airways,9/05/2019,Kolkata,Banglore,CCU → DEL → BLR,17:00,21:05 10 May,28h 5m,1 stop,No info,13067
Jet Airways,24/06/2019,Delhi,Cochin,DEL → BOM → COK,16:00,19:00 25 Jun,27h,1 stop,In-flight meal not included,10262
IndiGo,6/04/2019,Banglore,Delhi,BLR → DEL,10:10,13:00,2h 50m,non-stop,No info,4423
Jet Airways,1/05/2019,Kolkata,Banglore,CCU → BOM → BLR,18:55,04:40 02 May,9h 45m,1 stop,In-flight meal not included,8586
Jet Airways,15/05/2019,Kolkata,Banglore,CCU → BOM → BLR,21:10,09:20 16 May,12h 10m,1 stop,In-flight meal not included,9663
IndiGo,15/06/2019,Delhi,Cochin,DEL → BOM → COK,16:00,21:00,5h,1 stop,No info,6069
Air India,6/05/2019,Chennai,Kolkata,MAA → CCU,11:40,13:55,2h 15m,non-stop,No info,4667
Jet Airways,9/05/2019,Delhi,Cochin,DEL → BOM → COK,21:50,19:00 10 May,21h 10m,1 stop,In-flight meal not included,12373
Jet Airways,9/05/2019,Kolkata,Banglore,CCU → BOM → BLR,16:30,10:05 10 May,17h 35m,1 stop,No info,13941
IndiGo,27/03/2019,Mumbai,Hyderabad,BOM → HYD,06:20,07:45,1h 25m,non-stop,No info,3175
Air India,9/06/2019,Delhi,Cochin,DEL → BOM → COK,21:00,19:15 10 Jun,22h 15m,1 stop,No info,8372
Vistara,6/04/2019,Banglore,Delhi,BLR → DEL,17:00,19:35,2h 35m,non-stop,No info,5613
IndiGo,18/05/2019,Delhi,Cochin,DEL → HYD → COK,07:35,22:30,14h 55m,1 stop,No info,7144
Jet Airways,6/06/2019,Kolkata,Banglore,CCU → BOM → BLR,06:30,16:20,9h 50m,1 stop,No info,14571
IndiGo,24/03/2019,Chennai,Kolkata,MAA → CCU,22:05,00:25 25 Mar,2h 20m,non-stop,No info,5277
Jet Airways,24/03/2019,Mumbai,Hyderabad,BOM → HYD,10:20,11:50,1h 30m,non-stop,In-flight meal not included,2759
Air Asia,9/05/2019,Kolkata,Banglore,CCU → DEL → BLR,07:35,23:30,15h 55m,1 stop,No info,5192
Jet Airways,9/06/2019,Delhi,Cochin,DEL → BOM → COK,07:05,19:00,11h 55m,1 stop,No info,14714
Air India,1/06/2019,Delhi,Cochin,DEL → JAI → BOM → COK,12:00,19:15,7h 15m,2 stops,No info,10336
Air India,24/03/2019,Kolkata,Banglore,CCU → BLR,20:45,23:20,2h 35m,non-stop,No info,31945
Jet Airways,1/04/2019,Kolkata,Banglore,CCU → BOM → BLR,06:30,23:35,17h 5m,1 stop,In-flight meal not included,7064
Jet Airways,9/06/2019,Delhi,Cochin,DEL → BHO → BOM → COK,05:30,12:35,7h 5m,2 stops,No info,14441
Multiple carriers,3/03/2019,Delhi,Cochin,DEL → BOM → COK,13:00,01:35 04 Mar,12h 35m,1 stop,No info,17493
Jet Airways,9/06/2019,Kolkata,Banglore,CCU → BOM → BLR,20:00,22:35 10 Jun,26h 35m,1 stop,In-flight meal not included,10844
SpiceJet,1/06/2019,Mumbai,Hyderabad,BOM → HYD,05:45,07:15,1h 30m,non-stop,No info,2753
Jet Airways,21/05/2019,Delhi,Cochin,DEL → BOM → COK,08:00,04:25 22 May,20h 25m,1 stop,In-flight meal not included,12898
Jet Airways,15/04/2019,Banglore,Delhi,BLR → DEL,18:55,22:00,3h 5m,non-stop,No info,7229
Air India,3/06/2019,Delhi,Cochin,DEL → JAI → BOM → COK,12:00,07:40 04 Jun,19h 40m,2 stops,No info,8603
Jet Airways,18/05/2019,Delhi,Cochin,DEL → JAI → BOM → COK,05:30,04:25 19 May,22h 55m,2 stops,No info,15129
Jet Airways,15/06/2019,Delhi,Cochin,DEL → JDH → BOM → COK,11:40,19:00,7h 20m,2 stops,No info,18804
Air Asia,21/04/2019,Delhi,Cochin,DEL → BLR → COK,07:55,22:25,14h 30m,1 stop,No info,7452
SpiceJet,24/04/2019,Banglore,Delhi,BLR → DEL,09:30,12:20,2h 50m,non-stop,No info,3971
IndiGo,12/06/2019,Banglore,Delhi,BLR → DEL,10:10,13:00,2h 50m,non-stop,No info,3943
IndiGo,15/03/2019,Banglore,New Delhi,BLR → AMD → DEL,14:25,19:25,5h,1 stop,No info,9165
Jet Airways,24/06/2019,Delhi,Cochin,DEL → JAI → BOM → COK,05:30,19:00,13h 30m,2 stops,No info,13014
SpiceJet,21/06/2019,Banglore,Delhi,BLR → DEL,09:30,12:20,2h 50m,non-stop,No info,3625
Jet Airways,24/06/2019,Delhi,Cochin,DEL → BOM → COK,16:00,12:35 25 Jun,20h 35m,1 stop,In-flight meal not included,10262
Jet Airways,21/05/2019,Kolkata,Banglore,CCU → BOM → BLR,18:55,08:15 22 May,13h 20m,1 stop,No info,14388
Multiple carriers,12/06/2019,Delhi,Cochin,DEL → BOM → COK,08:00,19:15,11h 15m,1 stop,No info,15058
Air India,6/03/2019,Delhi,Cochin,DEL → BOM → COK,09:00,07:40 07 Mar,22h 40m,1 stop,No info,14882
IndiGo,18/04/2019,Banglore,Delhi,BLR → DEL,10:10,13:00,2h 50m,non-stop,No info,4591
SpiceJet,9/05/2019,Kolkata,Banglore,CCU → BLR,06:55,09:30,2h 35m,non-stop,No check-in baggage included,3841
Jet Airways,15/05/2019,Kolkata,Banglore,CCU → BOM → BLR,08:25,18:15,9h 50m,1 stop,No info,14781
SpiceJet,9/04/2019,Kolkata,Banglore,CCU → BLR,22:20,00:40 10 Apr,2h 20m,non-stop,No check-in baggage included,3841
Multiple carriers,3/06/2019,Delhi,Cochin,DEL → BOM → COK,15:00,01:30 04 Jun,10h 30m,1 stop,No info,13377
Jet Airways,12/06/2019,Delhi,Cochin,DEL → JAI → BOM → COK,19:30,04:25 13 Jun,8h 55m,2 stops,No info,13014
Multiple carriers,21/05/2019,Delhi,Cochin,DEL → BOM → COK,13:00,19:15,6h 15m,1 stop,No info,14848
Air India,9/05/2019,Kolkata,Banglore,CCU → BLR,20:45,23:20,2h 35m,non-stop,No info,4145
IndiGo,12/06/2019,Chennai,Kolkata,MAA → CCU,07:55,10:15,2h 20m,non-stop,No info,3850
Air India,24/05/2019,Kolkata,Banglore,CCU → DEL → BLR,07:00,20:25,13h 25m,1 stop,No info,10413
IndiGo,3/06/2019,Delhi,Cochin,DEL → BOM → COK,15:00,01:30 04 Jun,10h 30m,1 stop,No info,6104
IndiGo,1/06/2019,Banglore,Delhi,BLR → DEL,10:30,13:20,2h 50m,non-stop,No info,3943
Jet Airways,12/06/2019,Kolkata,Banglore,CCU → BOM → BLR,21:10,08:15 13 Jun,11h 5m,1 stop,In-flight meal not included,8529
Jet Airways,24/06/2019,Delhi,Cochin,DEL → BOM → COK,22:50,12:35 25 Jun,13h 45m,1 stop,In-flight meal not included,10262
Jet Airways,18/05/2019,Kolkata,Banglore,CCU → DEL → BLR,20:25,22:05 19 May,25h 40m,1 stop,No info,14151
Air Asia,9/05/2019,Kolkata,Banglore,CCU → IXR → DEL → BLR,15:10,23:30,8h 20m,2 stops,No info,5192
Jet Airways,21/05/2019,Kolkata,Banglore,CCU → BOM → BLR,14:05,04:40 22 May,14h 35m,1 stop,In-flight meal not included,9663
GoAir,24/04/2019,Banglore,Delhi,BLR → DEL,07:45,10:40,2h 55m,non-stop,No info,4632
IndiGo,6/04/2019,Delhi,Cochin,DEL → BOM → COK,20:25,01:30 07 Apr,5h 5m,1 stop,No info,5073
Multiple carriers,15/06/2019,Delhi,Cochin,DEL → BOM → COK,10:20,19:15,8h 55m,1 stop,No info,9526
IndiGo,15/04/2019,Banglore,Delhi,BLR → DEL,04:00,06:50,2h 50m,non-stop,No info,4423
IndiGo,12/05/2019,Mumbai,Hyderabad,BOM → HYD,20:05,21:40,1h 35m,non-stop,No info,2227
Vistara,21/03/2019,Banglore,New Delhi,BLR → DEL,11:30,14:10,2h 40m,non-stop,No info,5403
IndiGo,27/03/2019,Chennai,Kolkata,MAA → CCU,19:35,21:55,2h 20m,non-stop,No info,3858
Jet Airways,9/03/2019,Delhi,Cochin,DEL → IXC → BOM → COK,13:45,18:50 10 Mar,29h 5m,2 stops,No info,18752
Jet Airways,21/05/2019,Kolkata,Banglore,CCU → BOM → BLR,06:30,12:00,5h 30m,1 stop,In-flight meal not included,9663
Jet Airways,24/06/2019,Delhi,Cochin,DEL → AMD → BOM → COK,19:10,12:35 25 Jun,17h 25m,2 stops,No info,12819
Multiple carriers,27/03/2019,Delhi,Cochin,DEL → BOM → COK,09:00,21:00,12h,1 stop,No info,6883
Multiple carriers,27/05/2019,Delhi,Cochin,DEL → BOM → COK,19:00,01:30 28 May,6h 30m,1 stop,No info,7198
Air India,09/03/2019,Banglore,New Delhi,BLR → DEL,10:00,12:45,2h 45m,non-stop,No info,7801
IndiGo,21/04/2019,Banglore,Delhi,BLR → DEL,18:25,21:20,2h 55m,non-stop,No info,4823
Jet Airways,24/05/2019,Kolkata,Banglore,CCU → BOM → BLR,06:30,09:20 25 May,26h 50m,1 stop,In-flight meal not included,9663
Jet Airways,12/05/2019,Kolkata,Banglore,CCU → DEL → BLR,20:25,21:05 13 May,24h 40m,1 stop,No info,12121
Vistara,12/05/2019,Kolkata,Banglore,CCU → DEL → BLR,20:20,23:25 13 May,27h 5m,1 stop,No info,8085
IndiGo,03/03/2019,Banglore,New Delhi,BLR → IDR → DEL,13:40,18:35,4h 55m,1 stop,No info,8662
Jet Airways,21/03/2019,Delhi,Cochin,DEL → BOM → COK,22:00,18:50 22 Mar,20h 50m,1 stop,In-flight meal not included,6017
SpiceJet,3/05/2019,Chennai,Kolkata,MAA → CCU,09:45,12:00,2h 15m,non-stop,No check-in baggage included,3859
Multiple carriers,18/05/2019,Delhi,Cochin,DEL → BOM → COK,04:55,19:15,14h 20m,1 stop,No info,7564
SpiceJet,21/06/2019,Banglore,Delhi,BLR → DEL,05:55,08:35,2h 40m,non-stop,No check-in baggage included,3919
Jet Airways,18/05/2019,Delhi,Cochin,DEL → JAI → BOM → COK,05:30,04:25 19 May,22h 55m,2 stops,No info,15129
Jet Airways,01/03/2019,Banglore,New Delhi,BLR → BOM → DEL,07:00,13:15,6h 15m,1 stop,No info,26890
Jet Airways,15/04/2019,Delhi,Cochin,DEL → COK,11:00,14:15,3h 15m,non-stop,In-flight meal not included,5443
IndiGo,09/03/2019,Banglore,New Delhi,BLR → DEL,10:05,13:00,2h 55m,non-stop,No info,6860
Jet Airways,1/04/2019,Kolkata,Banglore,CCU → BOM → BLR,14:05,20:45,6h 40m,1 stop,No info,13364
Jet Airways,27/05/2019,Delhi,Cochin,DEL → BOM → COK,08:00,19:00,11h,1 stop,In-flight meal not included,12239
IndiGo,9/04/2019,Kolkata,Banglore,CCU → MAA → BLR,11:30,16:05,4h 35m,1 stop,No info,4966
IndiGo,03/03/2019,Banglore,New Delhi,BLR → DEL,06:00,08:45,2h 45m,non-stop,No info,6144
Jet Airways,9/05/2019,Delhi,Cochin,DEL → BOM → COK,15:00,19:00 10 May,28h,1 stop,In-flight meal not included,12373
Air India,18/03/2019,Banglore,New Delhi,BLR → BOM → UDR → DEL,08:50,16:30 16 Mar,31h 40m,2 stops,No info,10835
Air India,6/06/2019,Delhi,Cochin,DEL → MAA → COK,06:05,09:25 07 Jun,27h 20m,1 stop,No info,7952
IndiGo,9/04/2019,Banglore,Delhi,BLR → DEL,01:30,04:15,2h 45m,non-stop,No info,3419
Multiple carriers,27/05/2019,Delhi,Cochin,DEL → BOM → COK,03:50,12:35,8h 45m,1 stop,No info,10197
IndiGo,3/06/2019,Delhi,Cochin,DEL → BOM → COK,10:35,01:30 04 Jun,14h 55m,1 stop,No info,5883
Air India,18/05/2019,Chennai,Kolkata,MAA → CCU,11:40,13:55,2h 15m,non-stop,No info,4667
IndiGo,21/03/2019,Delhi,Cochin,DEL → HYD → MAA → COK,04:55,21:20,16h 25m,2 stops,No info,6223
Jet Airways,6/05/2019,Kolkata,Banglore,CCU → BOM → BLR,21:10,08:15 07 May,11h 5m,1 stop,In-flight meal not included,7757
IndiGo,03/03/2019,Banglore,New Delhi,BLR → AMD → DEL,14:25,19:25,5h,1 stop,No info,11873
Jet Airways,6/06/2019,Kolkata,Banglore,CCU → BOM → BLR,21:10,08:15 07 Jun,11h 5m,1 stop,In-flight meal not included,10844
IndiGo,15/05/2019,Delhi,Cochin,DEL → LKO → COK,21:50,03:35 16 May,5h 45m,1 stop,No info,7189
Jet Airways,27/06/2019,Delhi,Cochin,DEL → BOM → COK,21:50,12:35 28 Jun,14h 45m,1 stop,In-flight meal not included,10262
Air Asia,1/05/2019,Kolkata,Banglore,CCU → BLR,19:55,22:25,2h 30m,non-stop,No info,5989
IndiGo,24/06/2019,Mumbai,Hyderabad,BOM → HYD,21:20,22:50,1h 30m,non-stop,No info,2227
Jet Airways,6/06/2019,Mumbai,Hyderabad,BOM → HYD,10:20,11:50,1h 30m,non-stop,In-flight meal not included,4995
Jet Airways,24/03/2019,Kolkata,Banglore,CCU → BOM → BLR,13:55,18:10 25 Mar,28h 15m,1 stop,No info,14231
Jet Airways,18/05/2019,Kolkata,Banglore,CCU → BOM → BLR,18:55,18:15 19 May,23h 20m,1 stop,In-flight meal not included,10844
GoAir,3/03/2019,Delhi,Cochin,DEL → HYD → COK,05:45,13:20,7h 35m,1 stop,No info,5628
Jet Airways,9/06/2019,Kolkata,Banglore,CCU → BOM → BLR,18:55,16:20 10 Jun,21h 25m,1 stop,In-flight meal not included,10844
Multiple carriers,15/06/2019,Delhi,Cochin,DEL → BOM → COK,08:30,19:15,10h 45m,1 stop,No info,8937
IndiGo,6/03/2019,Kolkata,Banglore,CCU → BLR,14:20,16:55,2h 35m,non-stop,No info,5618
Air India,9/04/2019,Delhi,Cochin,DEL → BOM → COK,07:00,19:15,12h 15m,1 stop,No info,6674
GoAir,24/04/2019,Banglore,Delhi,BLR → DEL,11:40,14:30,2h 50m,non-stop,No info,3898
Jet Airways,24/05/2019,Kolkata,Banglore,CCU → BOM → BLR,18:55,20:45 25 May,25h 50m,1 stop,In-flight meal not included,10844
Air India,3/06/2019,Delhi,Cochin,DEL → CCU → BOM → COK,20:15,19:15 04 Jun,23h,2 stops,No info,13381
Air India,21/05/2019,Delhi,Cochin,DEL → HYD → BOM → COK,17:15,19:15 22 May,26h,2 stops,No info,11972
Jet Airways,3/03/2019,Delhi,Cochin,DEL → BOM → COK,17:30,04:25 04 Mar,10h 55m,1 stop,No info,17024
IndiGo,9/04/2019,Delhi,Cochin,DEL → LKO → COK,21:50,03:35 10 Apr,5h 45m,1 stop,No info,7398
Air India,01/03/2019,Banglore,New Delhi,BLR → VGA → VTZ → DEL,10:30,17:45,7h 15m,2 stops,Change airports,17461
Jet Airways,24/05/2019,Kolkata,Banglore,CCU → BOM → BLR,20:00,08:15 25 May,12h 15m,1 stop,No info,13731
Jet Airways,18/03/2019,Banglore,New Delhi,BLR → BOM → DEL,16:55,08:15 16 Mar,15h 20m,1 stop,No info,13555
IndiGo,27/04/2019,Kolkata,Banglore,CCU → BLR,17:15,19:50,2h 35m,non-stop,No info,4804
Jet Airways,21/05/2019,Delhi,Cochin,DEL → BOM → COK,07:05,19:00,11h 55m,1 stop,No info,16289
IndiGo,18/05/2019,Delhi,Cochin,DEL → HYD → COK,05:05,12:10,7h 5m,1 stop,No info,7520
IndiGo,18/05/2019,Delhi,Cochin,DEL → BOM → COK,10:35,01:30 19 May,14h 55m,1 stop,No info,7503
Multiple carriers,27/03/2019,Delhi,Cochin,DEL → BOM → COK,08:25,19:15,10h 50m,1 stop,No info,8601
Jet Airways,1/04/2019,Kolkata,Banglore,CCU → BOM → BLR,08:25,12:00 02 Apr,27h 35m,1 stop,In-flight meal not included,7064
Air Asia,6/05/2019,Kolkata,Banglore,CCU → DEL → BLR,07:35,19:25,11h 50m,1 stop,No info,5192
SpiceJet,9/06/2019,Kolkata,Banglore,CCU → IXB → BLR,15:55,21:25,5h 30m,1 stop,No info,9158
Multiple carriers,6/03/2019,Delhi,Cochin,DEL → BOM → COK,17:00,01:35 07 Mar,8h 35m,1 stop,No info,24318
Multiple carriers,21/05/2019,Delhi,Cochin,DEL → HYD → COK,07:10,18:10,11h,1 stop,No info,7038
IndiGo,24/03/2019,Banglore,New Delhi,BLR → DEL,22:20,01:10 25 Mar,2h 50m,non-stop,No info,7303
IndiGo,15/03/2019,Banglore,New Delhi,BLR → LKO → DEL,05:25,10:10,4h 45m,1 stop,No info,8021
Multiple carriers,15/05/2019,Delhi,Cochin,DEL → BOM → COK,10:00,19:15,9h 15m,1 stop,No info,14323
Air India,6/06/2019,Kolkata,Banglore,CCU → DEL → BLR,07:00,20:25,13h 25m,1 stop,No info,10203
Multiple carriers,15/06/2019,Delhi,Cochin,DEL → BOM → COK,19:00,01:30 16 Jun,6h 30m,1 stop,No info,7408
IndiGo,27/03/2019,Mumbai,Hyderabad,BOM → HYD,21:20,22:45,1h 25m,non-stop,No info,2227
Multiple carriers,15/06/2019,Delhi,Cochin,DEL → BOM → COK,11:30,19:15,7h 45m,1 stop,No info,16108
Jet Airways,15/06/2019,Delhi,Cochin,DEL → BOM → COK,18:15,12:35 16 Jun,18h 20m,1 stop,In-flight meal not included,10262
Jet Airways,9/06/2019,Delhi,Cochin,DEL → BOM → COK,09:00,19:00,10h,1 stop,No info,14714
Jet Airways,3/06/2019,Delhi,Cochin,DEL → BOM → COK,22:50,19:00 04 Jun,20h 10m,1 stop,In-flight meal not included,10262
IndiGo,18/05/2019,Delhi,Cochin,DEL → HYD → COK,14:20,22:30,8h 10m,1 stop,No info,7640
Vistara,12/06/2019,Kolkata,Banglore,CCU → DEL → BLR,07:10,18:50,11h 40m,1 stop,No info,8610
Jet Airways,21/03/2019,Delhi,Cochin,DEL → BOM → COK,08:00,18:50,10h 50m,1 stop,No info,12767
IndiGo,12/06/2019,Delhi,Cochin,DEL → BOM → COK,08:50,21:00,12h 10m,1 stop,No info,6093
IndiGo,27/04/2019,Delhi,Cochin,DEL → HYD → COK,06:50,16:10,9h 20m,1 stop,No info,6442
Jet Airways,9/05/2019,Banglore,Delhi,BLR → DEL,06:00,08:45,2h 45m,non-stop,In-flight meal not included,4030
Multiple carriers,6/06/2019,Delhi,Cochin,DEL → BOM → COK,13:00,21:00,8h,1 stop,No info,7408
Multiple carriers,3/06/2019,Delhi,Cochin,DEL → HYD → COK,07:05,16:10,9h 5m,1 stop,No info,10696
SpiceJet,12/03/2019,Kolkata,Banglore,CCU → BLR,09:00,11:30,2h 30m,non-stop,No info,6982
IndiGo,9/06/2019,Mumbai,Hyderabad,BOM → HYD,19:05,20:35,1h 30m,non-stop,No info,2754
Air India,01/03/2019,Banglore,New Delhi,BLR → BOM → DEL,06:45,12:15,5h 30m,1 stop,No info,23677
Air India,1/05/2019,Kolkata,Banglore,CCU → GAU → DEL → BLR,09:50,08:55 02 May,23h 5m,2 stops,No info,13227
IndiGo,27/03/2019,Mumbai,Hyderabad,BOM → HYD,12:00,13:25,1h 25m,non-stop,No info,2754
IndiGo,18/05/2019,Delhi,Cochin,DEL → BOM → COK,04:55,21:00,16h 5m,1 stop,No info,6758
Air India,18/05/2019,Delhi,Cochin,DEL → COK,14:10,17:10,3h,non-stop,No info,6934
Jet Airways,3/03/2019,Delhi,Cochin,DEL → IDR → BOM → COK,05:25,18:50,13h 25m,2 stops,No info,18799
Jet Airways,6/05/2019,Mumbai,Hyderabad,BOM → HYD,19:35,21:05,1h 30m,non-stop,No info,5678
Jet Airways,01/03/2019,Banglore,New Delhi,BLR → BOM → DEL,07:00,20:20,13h 20m,1 stop,No info,27992
Jet Airways,1/04/2019,Banglore,Delhi,BLR → DEL,19:50,22:50,3h,non-stop,In-flight meal not included,4544
Jet Airways,6/05/2019,Kolkata,Banglore,CCU → BOM → BLR,18:55,16:20 07 May,21h 25m,1 stop,In-flight meal not included,7757
IndiGo,27/05/2019,Delhi,Cochin,DEL → BLR → COK,17:05,22:15,5h 10m,1 stop,No info,6373
Jet Airways,15/06/2019,Delhi,Cochin,DEL → NAG → BOM → COK,14:35,12:35 16 Jun,22h,2 stops,No info,13376
IndiGo,3/06/2019,Kolkata,Banglore,CCU → BLR,14:25,16:55,2h 30m,non-stop,No info,5644
Jet Airways,6/05/2019,Kolkata,Banglore,CCU → DEL → BLR,20:25,21:05 07 May,24h 40m,1 stop,No info,13067
Multiple carriers,15/05/2019,Delhi,Cochin,DEL → HYD → COK,07:10,16:10,9h,1 stop,No info,6513
IndiGo,9/05/2019,Mumbai,Hyderabad,BOM → HYD,12:00,13:30,1h 30m,non-stop,No info,4392
IndiGo,6/03/2019,Kolkata,Banglore,CCU → BLR,05:30,08:20,2h 50m,non-stop,No info,4778
Jet Airways,18/05/2019,Kolkata,Banglore,CCU → BOM → BLR,20:00,20:45 19 May,24h 45m,1 stop,In-flight meal not included,10844
Air India,24/05/2019,Kolkata,Banglore,CCU → IXR → DEL → BLR,05:50,12:30 25 May,30h 40m,2 stops,No info,12723
Jet Airways,24/03/2019,Kolkata,Banglore,CCU → BOM → BLR,21:10,09:15 25 Mar,12h 5m,1 stop,In-flight meal not included,11134
Jet Airways,9/05/2019,Banglore,Delhi,BLR → DEL,18:55,22:00,3h 5m,non-stop,No info,7229
Jet Airways,6/06/2019,Delhi,Cochin,DEL → BOM → COK,11:30,04:25 07 Jun,16h 55m,1 stop,In-flight meal not included,10262
IndiGo,24/03/2019,Kolkata,Banglore,CCU → BLR,05:30,08:20,2h 50m,non-stop,No info,4778
IndiGo,15/03/2019,Banglore,New Delhi,BLR → DEL,23:30,02:20 16 Mar,2h 50m,non-stop,No info,8033
Air India,27/05/2019,Delhi,Cochin,DEL → TRV → COK,05:15,06:50 28 May,25h 35m,1 stop,No info,8425
Jet Airways,3/06/2019,Delhi,Cochin,DEL → NAG → BOM → COK,14:35,12:35 04 Jun,22h,2 stops,In-flight meal not included,10919
Multiple carriers,6/03/2019,Delhi,Cochin,DEL → BOM → COK,08:55,18:50,9h 55m,1 stop,No info,15411
Air India,12/06/2019,Delhi,Cochin,DEL → HYD → MAA → COK,13:05,09:25 13 Jun,20h 20m,2 stops,No info,10975
Air India,24/03/2019,Kolkata,Banglore,CCU → GAU → BLR,16:45,21:05 25 Mar,28h 20m,1 stop,No info,6535
Jet Airways,9/05/2019,Kolkata,Banglore,CCU → GAU → BLR,10:20,17:35,7h 15m,1 stop,No info,8355
SpiceJet,18/06/2019,Chennai,Kolkata,MAA → CCU,17:45,20:05,2h 20m,non-stop,No check-in baggage included,3543
Vistara,24/03/2019,Kolkata,Banglore,CCU → DEL → BLR,20:20,18:45 25 Mar,22h 25m,1 stop,No info,12102
Jet Airways,1/05/2019,Kolkata,Banglore,CCU → DEL → BLR,17:00,09:45 02 May,16h 45m,1 stop,In-flight meal not included,9314
IndiGo,18/05/2019,Delhi,Cochin,DEL → BOM → COK,18:35,01:30 19 May,6h 55m,1 stop,No info,7503
SpiceJet,3/03/2019,Delhi,Cochin,DEL → MAA → COK,06:10,11:20,5h 10m,1 stop,No info,9748
IndiGo,27/06/2019,Kolkata,Banglore,CCU → BLR,17:15,19:50,2h 35m,non-stop,No info,4804
Jet Airways,9/05/2019,Kolkata,Banglore,CCU → BOM → BLR,06:30,16:20,9h 50m,1 stop,In-flight meal not included,8586
Jet Airways,24/06/2019,Delhi,Cochin,DEL → LKO → BOM → COK,09:25,12:35 25 Jun,27h 10m,2 stops,No info,13882
Jet Airways,21/05/2019,Banglore,Delhi,BLR → DEL,15:50,18:45,2h 55m,non-stop,No info,7229
Air India,24/03/2019,Mumbai,Hyderabad,BOM → HYD,06:20,07:40,1h 20m,non-stop,No info,2575
IndiGo,21/05/2019,Banglore,Delhi,BLR → DEL,21:15,00:15 22 May,3h,non-stop,No info,3943
SpiceJet,24/04/2019,Delhi,Cochin,DEL → PNQ → COK,08:45,13:15,4h 30m,1 stop,No check-in baggage included,4760
Jet Airways,24/03/2019,Kolkata,Banglore,CCU → BOM → BLR,06:30,22:35,16h 5m,1 stop,In-flight meal not included,8824
Air India,21/03/2019,Delhi,Cochin,DEL → BOM → COK,09:00,19:15,10h 15m,1 stop,No info,6902
Air Asia,21/03/2019,Delhi,Cochin,DEL → BLR → COK,16:45,07:10 22 Mar,14h 25m,1 stop,No info,6151
Air India,21/05/2019,Kolkata,Banglore,CCU → BOM → GOI → BLR,16:50,05:35 22 May,12h 45m,2 stops,No info,12324
Jet Airways,09/03/2019,Banglore,New Delhi,BLR → BOM → DEL,05:45,10:25,4h 40m,1 stop,In-flight meal not included,11087
Air Asia,3/03/2019,Kolkata,Banglore,CCU → BLR,19:35,22:05,2h 30m,non-stop,No info,5964
Jet Airways,1/05/2019,Kolkata,Banglore,CCU → DEL → BLR,20:25,22:05 02 May,25h 40m,1 stop,No info,14151
Jet Airways,15/05/2019,Kolkata,Banglore,CCU → DEL → BLR,09:35,14:25 16 May,28h 50m,1 stop,No info,11467
SpiceJet,21/05/2019,Kolkata,Banglore,CCU → BLR,22:20,00:40 22 May,2h 20m,non-stop,No info,3873
Multiple carriers,21/03/2019,Delhi,Cochin,DEL → BOM → COK,15:00,01:35 22 Mar,10h 35m,1 stop,No info,13542
Jet Airways,21/05/2019,Kolkata,Banglore,CCU → BOM → BLR,20:00,08:15 22 May,12h 15m,1 stop,In-flight meal not included,10844
IndiGo,03/03/2019,Banglore,New Delhi,BLR → DEL,01:30,04:15,2h 45m,non-stop,No info,6144
Jet Airways,27/06/2019,Delhi,Cochin,DEL → BOM → COK,14:00,19:00,5h,1 stop,In-flight meal not included,10262
Air Asia,6/04/2019,Banglore,Delhi,BLR → DEL,11:10,13:55,2h 45m,non-stop,No info,3383
Air India,9/06/2019,Kolkata,Banglore,CCU → DEL → BLR,17:30,20:25 10 Jun,26h 55m,1 stop,No info,10413
Jet Airways,9/06/2019,Kolkata,Banglore,CCU → DEL → BLR,09:35,19:10,9h 35m,1 stop,In-flight meal not included,13994
Air India,21/05/2019,Kolkata,Banglore,CCU → IXR → DEL → BLR,05:50,23:15,17h 25m,2 stops,No info,13143
Multiple carriers,21/03/2019,Delhi,Cochin,DEL → BOM → COK,08:25,18:50,10h 25m,1 stop,No info,13069
Jet Airways,27/05/2019,Delhi,Cochin,DEL → AMD → BOM → COK,19:10,12:35 28 May,17h 25m,2 stops,No info,15129
GoAir,9/06/2019,Banglore,Delhi,BLR → DEL,20:55,23:40,2h 45m,non-stop,No info,3898
Jet Airways,9/05/2019,Kolkata,Banglore,CCU → BOM → BLR,08:25,16:20,7h 55m,1 stop,No info,13941
Air India,21/03/2019,Banglore,New Delhi,BLR → VGA → DEL,10:30,11:20 19 Mar,24h 50m,1 stop,No info,6383
Multiple carriers,1/06/2019,Delhi,Cochin,DEL → BOM → COK,07:05,21:00,13h 55m,1 stop,In-flight meal not included,10406
IndiGo,6/06/2019,Delhi,Cochin,DEL → BOM → COK,15:00,01:30 07 Jun,10h 30m,1 stop,No info,5883
IndiGo,27/03/2019,Delhi,Cochin,DEL → BOM → COK,10:45,21:00,10h 15m,1 stop,No info,6838
Jet Airways,21/05/2019,Kolkata,Banglore,CCU → BOM → BLR,06:30,19:50,13h 20m,1 stop,No info,14781
Jet Airways,9/06/2019,Delhi,Cochin,DEL → BOM → COK,19:45,04:25 10 Jun,8h 40m,1 stop,In-flight meal not included,10577
Multiple carriers,15/05/2019,Delhi,Cochin,DEL → HYD → COK,13:05,22:30,9h 25m,1 stop,No info,9646
Vistara,6/06/2019,Delhi,Cochin,DEL → COK,06:00,09:10,3h 10m,non-stop,No info,6216
Jet Airways,12/05/2019,Delhi,Cochin,DEL → COK,11:00,14:15,3h 15m,non-stop,No info,9564
Jet Airways,1/05/2019,Kolkata,Banglore,CCU → BOM → BLR,21:10,04:40 02 May,7h 30m,1 stop,No info,14781
Jet Airways,6/05/2019,Banglore,Delhi,BLR → DEL,07:10,10:10,3h,non-stop,No info,7229
IndiGo,9/03/2019,Kolkata,Banglore,CCU → BLR,22:10,00:55 10 Mar,2h 45m,non-stop,No info,4148
Multiple carriers,27/06/2019,Delhi,Cochin,DEL → BOM → COK,11:40,19:15,7h 35m,1 stop,In-flight meal not included,7268
Air India,1/06/2019,Kolkata,Banglore,CCU → BLR,14:15,16:45,2h 30m,non-stop,No info,6245
Jet Airways,1/06/2019,Delhi,Cochin,DEL → NAG → BOM → COK,06:45,04:25 02 Jun,21h 40m,2 stops,No info,13376
Air Asia,18/04/2019,Banglore,Delhi,BLR → DEL,23:55,02:45 19 Apr,2h 50m,non-stop,No info,4483
Jet Airways,3/06/2019,Delhi,Cochin,DEL → BOM → COK,02:15,04:25 04 Jun,26h 10m,1 stop,In-flight meal not included,11627
Vistara,24/03/2019,Kolkata,Banglore,CCU → DEL → BLR,17:00,09:10 25 Mar,16h 10m,1 stop,No info,13310
Jet Airways,21/06/2019,Banglore,Delhi,BLR → DEL,18:55,22:00,3h 5m,non-stop,In-flight meal not included,7754
IndiGo,1/04/2019,Mumbai,Hyderabad,BOM → HYD,19:05,20:35,1h 30m,non-stop,No info,2754
Air India,12/06/2019,Delhi,Cochin,DEL → GOI → BOM → COK,22:00,19:15 13 Jun,21h 15m,2 stops,No info,10231
Jet Airways,3/06/2019,Delhi,Cochin,DEL → JAI → BOM → COK,09:40,12:35 04 Jun,26h 55m,2 stops,In-flight meal not included,10368
Air India,6/06/2019,Delhi,Cochin,DEL → HYD → MAA → COK,07:05,09:25 07 Jun,26h 20m,2 stops,No info,11447
Jet Airways,3/03/2019,Delhi,Cochin,DEL → IDR → BOM → COK,05:25,04:25 04 Mar,23h,2 stops,No info,18799
IndiGo,9/03/2019,Kolkata,Banglore,CCU → BLR,15:10,17:45,2h 35m,non-stop,No info,4462
Jet Airways,12/05/2019,Kolkata,Banglore,CCU → DEL → BLR,20:25,19:10 13 May,22h 45m,1 stop,No info,13067
Jet Airways,1/04/2019,Kolkata,Banglore,CCU → BOM → BLR,18:55,19:50 02 Apr,24h 55m,1 stop,No info,12681
Vistara,3/06/2019,Chennai,Kolkata,MAA → CCU,07:05,09:20,2h 15m,non-stop,No info,3687
IndiGo,27/03/2019,Delhi,Cochin,DEL → BOM → COK,17:30,01:35 28 Mar,8h 5m,1 stop,No info,6628
Air India,9/03/2019,Delhi,Cochin,DEL → BOM → COK,21:40,07:40 10 Mar,10h,1 stop,No info,13832
IndiGo,03/03/2019,Banglore,New Delhi,BLR → DEL,08:30,11:30,3h,non-stop,No info,6860
Air India,12/05/2019,Kolkata,Banglore,CCU → BBI → BOM → BLR,12:00,11:10 13 May,23h 10m,2 stops,No info,10676
Jet Airways,3/06/2019,Delhi,Cochin,DEL → BOM → COK,22:50,04:25 04 Jun,5h 35m,1 stop,No info,14714
Jet Airways,12/06/2019,Delhi,Cochin,DEL → BOM → COK,19:45,19:00 13 Jun,23h 15m,1 stop,In-flight meal not included,10262
IndiGo,21/05/2019,Mumbai,Hyderabad,BOM → HYD,19:05,20:35,1h 30m,non-stop,No info,2754
Air Asia,24/03/2019,Kolkata,Banglore,CCU → DEL → BLR,07:35,22:55,15h 20m,1 stop,No info,6785
Multiple carriers,21/05/2019,Delhi,Cochin,DEL → BOM → COK,16:00,01:30 22 May,9h 30m,1 stop,No info,14067
Jet Airways,21/05/2019,Delhi,Cochin,DEL → ATQ → BOM → COK,20:00,04:25 22 May,8h 25m,2 stops,In-flight meal not included,15318
Jet Airways,9/03/2019,Delhi,Cochin,DEL → BOM → COK,18:15,04:25 10 Mar,10h 10m,1 stop,In-flight meal not included,14053
Jet Airways,27/06/2019,Mumbai,Hyderabad,BOM → HYD,07:05,08:30,1h 25m,non-stop,No info,8040
Air India,6/06/2019,Kolkata,Banglore,CCU → IXR → DEL → BLR,05:50,08:55 07 Jun,27h 5m,2 stops,No info,12723
Jet Airways,27/06/2019,Delhi,Cochin,DEL → BOM → COK,14:00,12:35 28 Jun,22h 35m,1 stop,In-flight meal not included,10262
Air Asia,27/03/2019,Delhi,Cochin,DEL → BLR → COK,16:45,07:10 28 Mar,14h 25m,1 stop,No info,6151
SpiceJet,3/06/2019,Delhi,Cochin,DEL → BLR → COK,17:55,22:50,4h 55m,1 stop,No info,5409
Vistara,21/05/2019,Kolkata,Banglore,CCU → DEL → BLR,20:20,20:20 22 May,24h,1 stop,No info,9345
Air India,15/06/2019,Delhi,Cochin,DEL → JDH → BOM → COK,12:55,19:15 16 Jun,30h 20m,2 stops,No info,12646
Jet Airways,27/06/2019,Delhi,Cochin,DEL → AMD → BOM → COK,13:25,12:35 28 Jun,23h 10m,2 stops,In-flight meal not included,11150
IndiGo,6/03/2019,Mumbai,Hyderabad,BOM → HYD,16:55,18:25,1h 30m,non-stop,No info,4784
Jet Airways,27/03/2019,Delhi,Cochin,DEL → BOM → COK,21:50,04:25 28 Mar,6h 35m,1 stop,No info,12242
Air Asia,9/06/2019,Kolkata,Banglore,CCU → DEL → BLR,22:40,10:40 10 Jun,12h,1 stop,No info,11323
Air Asia,18/04/2019,Kolkata,Banglore,CCU → BLR,19:55,22:25,2h 30m,non-stop,No info,4409
Jet Airways,06/03/2019,Banglore,New Delhi,BLR → BOM → DEL,08:55,21:20,12h 25m,1 stop,No info,16736
Air India,27/05/2019,Mumbai,Hyderabad,BOM → HYD,19:30,20:45,1h 15m,non-stop,No info,3100
Jet Airways,18/05/2019,Delhi,Cochin,DEL → JAI → BOM → COK,05:30,19:00,13h 30m,2 stops,In-flight meal not included,13029
IndiGo,12/06/2019,Kolkata,Banglore,CCU → BLR,14:25,16:55,2h 30m,non-stop,No info,4804
Vistara,24/05/2019,Kolkata,Banglore,CCU → DEL → BLR,07:10,20:20,13h 10m,1 stop,No info,9555
Jet Airways,27/06/2019,Delhi,Cochin,DEL → BOM → COK,15:00,12:35 28 Jun,21h 35m,1 stop,In-flight meal not included,10262
Air Asia,24/03/2019,Kolkata,Banglore,CCU → BLR,19:35,22:05,2h 30m,non-stop,No info,5964
IndiGo,12/06/2019,Delhi,Cochin,DEL → BLR → COK,02:00,07:45,5h 45m,1 stop,No info,6386
Air India,9/04/2019,Delhi,Cochin,DEL → BOM → COK,08:00,19:15,11h 15m,1 stop,No info,6377
SpiceJet,18/03/2019,Chennai,Kolkata,MAA → CCU,08:20,10:35,2h 15m,non-stop,No check-in baggage included,3807
Multiple carriers,3/06/2019,Delhi,Cochin,DEL → BOM → COK,16:00,01:30 04 Jun,9h 30m,1 stop,No info,13377
SpiceJet,12/04/2019,Kolkata,Banglore,CCU → BLR,09:00,11:25,2h 25m,non-stop,No check-in baggage included,3841
Air India,6/06/2019,Kolkata,Banglore,CCU → MAA → BLR,14:35,14:35 07 Jun,24h,1 stop,No info,6528
Air India,24/05/2019,Mumbai,Hyderabad,BOM → HYD,06:20,07:40,1h 20m,non-stop,No info,3100
Vistara,24/06/2019,Chennai,Kolkata,MAA → CCU,07:45,10:00,2h 15m,non-stop,No info,3687
Jet Airways,06/03/2019,Banglore,New Delhi,BLR → BOM → DEL,08:00,05:05 07 Mar,21h 5m,1 stop,No info,14815
IndiGo,12/06/2019,Banglore,Delhi,BLR → DEL,04:00,06:50,2h 50m,non-stop,No info,3943
Jet Airways,12/06/2019,Delhi,Cochin,DEL → BOM → COK,20:55,04:25 13 Jun,7h 30m,1 stop,No info,14714
SpiceJet,24/04/2019,Kolkata,Banglore,CCU → MAA → BLR,15:05,20:20,5h 15m,1 stop,No info,4859
Jet Airways,18/05/2019,Kolkata,Banglore,CCU → BOM → BLR,14:05,22:35,8h 30m,1 stop,In-flight meal not included,10844
IndiGo,18/03/2019,Banglore,New Delhi,BLR → HYD → DEL,12:10,17:05,4h 55m,1 stop,No info,4410
IndiGo,21/05/2019,Mumbai,Hyderabad,BOM → HYD,02:35,04:05,1h 30m,non-stop,No info,2754
Jet Airways,6/04/2019,Banglore,Delhi,BLR → DEL,19:50,22:50,3h,non-stop,No info,7229
IndiGo,09/03/2019,Banglore,New Delhi,BLR → DEL,23:30,02:20 10 Mar,2h 50m,non-stop,No info,5694
Multiple carriers,9/05/2019,Delhi,Cochin,DEL → BOM → COK,17:00,01:30 10 May,8h 30m,1 stop,No info,9424
Jet Airways,15/06/2019,Delhi,Cochin,DEL → BOM → COK,19:45,19:00 16 Jun,23h 15m,1 stop,In-flight meal not included,10262
Air India,9/06/2019,Delhi,Cochin,DEL → HYD → BOM → COK,17:15,07:40 10 Jun,14h 25m,2 stops,No info,12199
Vistara,6/05/2019,Banglore,Delhi,BLR → DEL,11:30,14:20,2h 50m,non-stop,No info,4668
Jet Airways,21/03/2019,Banglore,New Delhi,BLR → BOM → DEL,05:45,00:45 19 Mar,19h,1 stop,In-flight meal not included,7832
SpiceJet,21/03/2019,Banglore,New Delhi,BLR → DEL,09:35,12:30,2h 55m,non-stop,No info,4945
Air India,03/03/2019,Banglore,New Delhi,BLR → CCU → GAU → DEL,05:50,22:10 07 Mar,40h 20m,2 stops,No info,11791
SpiceJet,12/04/2019,Kolkata,Banglore,CCU → BLR,06:55,09:30,2h 35m,non-stop,No check-in baggage included,3841
GoAir,3/04/2019,Banglore,Delhi,BLR → DEL,20:55,23:40,2h 45m,non-stop,No info,4239
Jet Airways,06/03/2019,Banglore,New Delhi,BLR → BOM → DEL,14:05,00:45 07 Mar,10h 40m,1 stop,No info,14815
Jet Airways,9/06/2019,Delhi,Cochin,DEL → JAI → BOM → COK,09:40,19:00,9h 20m,2 stops,No info,13014
Multiple carriers,9/06/2019,Delhi,Cochin,DEL → BOM → COK,10:20,19:00,8h 40m,1 stop,No info,11789
Jet Airways,24/03/2019,Kolkata,Banglore,CCU → BOM → BLR,19:45,04:45 25 Mar,9h,1 stop,In-flight meal not included,10031
Air India,15/05/2019,Kolkata,Banglore,CCU → BOM → HBX → BLR,09:25,17:20 16 May,31h 55m,2 stops,No info,13616
Multiple carriers,21/03/2019,Delhi,Cochin,DEL → BOM → COK,19:00,01:35 22 Mar,6h 35m,1 stop,No info,6838
Jet Airways,24/05/2019,Banglore,Delhi,BLR → DEL,17:45,20:45,3h,non-stop,No info,7229
IndiGo,12/04/2019,Banglore,Delhi,BLR → DEL,06:05,08:50,2h 45m,non-stop,No info,4990
GoAir,27/05/2019,Delhi,Cochin,DEL → BOM → COK,07:00,12:55,5h 55m,1 stop,No info,5752
Multiple carriers,9/05/2019,Delhi,Cochin,DEL → IDR → BOM → COK,15:05,01:30 10 May,10h 25m,2 stops,No info,18191
Jet Airways,12/06/2019,Kolkata,Banglore,CCU → DEL → BLR,20:25,09:45 13 Jun,13h 20m,1 stop,In-flight meal not included,10539
Air Asia,9/03/2019,Delhi,Cochin,DEL → BLR → COK,16:45,07:10 10 Mar,14h 25m,1 stop,No info,8327
Jet Airways,24/05/2019,Kolkata,Banglore,CCU → BOM → BLR,14:05,22:35,8h 30m,1 stop,In-flight meal not included,10844
SpiceJet,12/06/2019,Kolkata,Banglore,CCU → BLR,22:20,00:40 13 Jun,2h 20m,non-stop,No info,3873
Jet Airways,18/03/2019,Banglore,New Delhi,BLR → BOM → DEL,21:25,10:25 16 Mar,13h,1 stop,No info,13555
Jet Airways,24/05/2019,Kolkata,Banglore,CCU → BOM → BLR,20:00,18:15 25 May,22h 15m,1 stop,In-flight meal not included,10844
Vistara,1/04/2019,Banglore,Delhi,BLR → DEL,21:00,23:50,2h 50m,non-stop,No info,5403
Air India,21/05/2019,Kolkata,Banglore,CCU → BLR,20:45,23:20,2h 35m,non-stop,No info,4145
Jet Airways,9/06/2019,Delhi,Cochin,DEL → BOM → COK,19:15,19:00 10 Jun,23h 45m,1 stop,In-flight meal not included,10577
Air India,9/05/2019,Delhi,Cochin,DEL → HYD → MAA → COK,09:45,09:25 10 May,23h 40m,2 stops,No info,9925
IndiGo,15/06/2019,Mumbai,Hyderabad,BOM → HYD,19:05,20:35,1h 30m,non-stop,No info,2754
Air India,9/05/2019,Kolkata,Banglore,CCU → GAU → BLR,16:45,21:05 10 May,28h 20m,1 stop,No info,7662
Jet Airways,12/03/2019,Mumbai,Hyderabad,BOM → DEL → HYD,03:00,16:35,13h 35m,1 stop,No info,22294
IndiGo,15/03/2019,Banglore,New Delhi,BLR → DEL,13:00,15:50,2h 50m,non-stop,No info,6144
Jet Airways,6/03/2019,Mumbai,Hyderabad,BOM → BDQ → DEL → HYD,19:50,16:50 07 Mar,21h,2 stops,No info,24210
Multiple carriers,27/03/2019,Delhi,Cochin,DEL → BOM → COK,13:00,01:35 28 Mar,12h 35m,1 stop,No info,12327
SpiceJet,18/03/2019,Mumbai,Hyderabad,BOM → HYD,13:10,14:30,1h 20m,non-stop,No info,2437
SpiceJet,12/06/2019,Mumbai,Hyderabad,BOM → HYD,05:45,07:15,1h 30m,non-stop,No info,2753
Jet Airways,21/05/2019,Kolkata,Banglore,CCU → DEL → BLR,09:35,23:35,14h,1 stop,No info,14151
Vistara,21/06/2019,Chennai,Kolkata,MAA → CCU,17:45,20:05,2h 20m,non-stop,No info,11982
IndiGo,3/03/2019,Delhi,Cochin,DEL → HYD → MAA → COK,11:55,21:20,9h 25m,2 stops,No info,9413
Air India,15/05/2019,Delhi,Cochin,DEL → HYD → BOM → COK,17:15,19:15 16 May,26h,2 stops,No info,13022
GoAir,9/06/2019,Kolkata,Banglore,CCU → HYD → BLR,06:40,14:35,7h 55m,1 stop,No info,3673
Jet Airways,6/03/2019,Delhi,Cochin,DEL → BOM → COK,22:20,04:25 07 Mar,6h 5m,1 stop,No info,15764
Jet Airways,24/06/2019,Delhi,Cochin,DEL → IDR → BOM → COK,21:25,12:35 25 Jun,15h 10m,2 stops,No info,12609
Jet Airways Business,01/03/2019,Banglore,New Delhi,BLR → MAA → DEL,09:45,14:25,4h 40m,1 stop,Business class,57209
Vistara,6/04/2019,Banglore,Delhi,BLR → DEL,09:45,12:35,2h 50m,non-stop,No info,5613
Multiple carriers,21/03/2019,Delhi,Cochin,DEL → BOM → COK,04:45,19:15,14h 30m,1 stop,No info,6630
Jet Airways,27/06/2019,Mumbai,Hyderabad,BOM → HYD,19:35,21:05,1h 30m,non-stop,No info,5678
Jet Airways,21/03/2019,Banglore,New Delhi,BLR → BOM → DEL,22:50,07:40 19 Mar,8h 50m,1 stop,In-flight meal not included,7045
IndiGo,9/03/2019,Kolkata,Banglore,CCU → BLR,14:20,16:55,2h 35m,non-stop,No info,4148
Air India,03/03/2019,Banglore,New Delhi,BLR → VGA → DEL,10:30,22:55,12h 25m,1 stop,No info,11003
Air India,18/05/2019,Delhi,Cochin,DEL → MAA → COK,06:05,09:25 19 May,27h 20m,1 stop,No info,7480
IndiGo,12/05/2019,Kolkata,Banglore,CCU → BLR,22:15,00:50 13 May,2h 35m,non-stop,No info,4804
Jet Airways,12/05/2019,Mumbai,Hyderabad,BOM → HYD,02:55,04:20,1h 25m,non-stop,In-flight meal not included,4050
Air India,27/06/2019,Banglore,Delhi,BLR → DEL,10:00,12:45,2h 45m,non-stop,No info,6961
Jet Airways,3/06/2019,Delhi,Cochin,DEL → BOM → COK,16:00,19:00 04 Jun,27h,1 stop,In-flight meal not included,10262
Air Asia,12/06/2019,Banglore,Delhi,BLR → DEL,23:55,02:45 13 Jun,2h 50m,non-stop,No info,3383
Air India,9/03/2019,Delhi,Cochin,DEL → BLR → COK,20:30,23:00 10 Mar,26h 30m,1 stop,No info,8119
Jet Airways,6/06/2019,Delhi,Cochin,DEL → BOM → COK,02:15,19:00,16h 45m,1 stop,No info,14714
Multiple carriers,3/06/2019,Delhi,Cochin,DEL → BOM → COK,06:00,19:00,13h,1 stop,No info,13259
GoAir,03/03/2019,Banglore,New Delhi,BLR → DEL,07:45,10:40,2h 55m,non-stop,No info,7222
Air Asia,9/05/2019,Delhi,Cochin,DEL → BLR → COK,16:45,07:10 10 May,14h 25m,1 stop,No info,7353
Jet Airways,24/05/2019,Kolkata,Banglore,CCU → BOM → BLR,21:10,08:15 25 May,11h 5m,1 stop,No info,14178
Jet Airways,01/03/2019,Banglore,New Delhi,BLR → BOM → DEL,07:00,05:05 02 Mar,22h 5m,1 stop,No info,26890
Air India,12/05/2019,Mumbai,Hyderabad,BOM → HYD,19:30,20:45,1h 15m,non-stop,No info,3625
Multiple carriers,3/06/2019,Delhi,Cochin,DEL → BOM → COK,11:40,19:15,7h 35m,1 stop,No info,9001
Air India,27/05/2019,Kolkata,Banglore,CCU → BLR,20:45,23:20,2h 35m,non-stop,No info,4145
Jet Airways,9/05/2019,Delhi,Cochin,DEL → BHO → BOM → COK,05:30,12:35,7h 5m,2 stops,In-flight meal not included,15544
SpiceJet,15/06/2019,Mumbai,Hyderabad,BOM → HYD,13:15,14:45,1h 30m,non-stop,No info,2017
Air India,15/05/2019,Kolkata,Banglore,CCU → DEL → AMD → BLR,10:00,05:25 16 May,19h 25m,2 stops,No info,14424
GoAir,15/06/2019,Kolkata,Banglore,CCU → BLR,15:20,17:55,2h 35m,non-stop,No info,3514
IndiGo,27/05/2019,Delhi,Cochin,DEL → BOM → COK,18:35,01:30 28 May,6h 55m,1 stop,No info,6628
Jet Airways,15/06/2019,Delhi,Cochin,DEL → AMD → BOM → COK,23:05,04:25 17 Jun,29h 20m,2 stops,No info,15339
Air India,09/03/2019,Banglore,New Delhi,BLR → DEL,21:10,23:55,2h 45m,non-stop,No info,7591
Jet Airways,1/06/2019,Delhi,Cochin,DEL → BOM → COK,11:30,04:25 02 Jun,16h 55m,1 stop,In-flight meal not included,10262
Jet Airways,21/05/2019,Kolkata,Banglore,CCU → BOM → BLR,06:30,16:20,9h 50m,1 stop,In-flight meal not included,10844
Jet Airways,6/06/2019,Delhi,Cochin,DEL → JAI → BOM → COK,09:40,04:25 07 Jun,18h 45m,2 stops,No info,13014
Air India,18/05/2019,Kolkata,Banglore,CCU → GAU → BLR,16:45,21:05 19 May,28h 20m,1 stop,No info,7872
IndiGo,15/05/2019,Delhi,Cochin,DEL → COK,14:25,17:40,3h 15m,non-stop,No info,6541
Air India,15/03/2019,Banglore,New Delhi,BLR → COK → DEL,06:55,23:20,16h 25m,1 stop,No info,6987
IndiGo,1/06/2019,Banglore,Delhi,BLR → DEL,18:55,21:50,2h 55m,non-stop,No info,4823
Air India,21/05/2019,Banglore,Delhi,BLR → DEL,05:45,08:45,3h,non-stop,No info,6961
Jet Airways,12/06/2019,Kolkata,Banglore,CCU → BOM → BLR,06:30,18:15,11h 45m,1 stop,In-flight meal not included,9899
Jet Airways,12/03/2019,Banglore,New Delhi,BLR → MAA → DEL,09:45,16:00,6h 15m,1 stop,No info,12295
Air India,12/06/2019,Kolkata,Banglore,CCU → BBI → HYD → BLR,09:10,11:05 13 Jun,25h 55m,2 stops,No info,6117
SpiceJet,1/05/2019,Chennai,Kolkata,MAA → CCU,09:45,12:00,2h 15m,non-stop,No check-in baggage included,3543
Air India,6/03/2019,Delhi,Cochin,DEL → AMD → BOM → COK,16:40,19:15 07 Mar,26h 35m,2 stops,No info,12646
SpiceJet,18/05/2019,Banglore,Delhi,BLR → DEL,21:10,00:05 19 May,2h 55m,non-stop,No check-in baggage included,3919
Air India,15/03/2019,Banglore,New Delhi,BLR → MAA → DEL,11:50,11:35 16 Mar,23h 45m,1 stop,No info,6982
Vistara,24/03/2019,Kolkata,Banglore,CCU → DEL → BLR,17:00,18:45 25 Mar,25h 45m,1 stop,No info,13100
Jet Airways,27/05/2019,Delhi,Cochin,DEL → BOM → COK,09:00,19:00,10h,1 stop,No info,16079
Multiple carriers,9/03/2019,Delhi,Cochin,DEL → BOM → COK,06:40,19:15,12h 35m,1 stop,No info,13082
Air India,3/05/2019,Banglore,Delhi,BLR → DEL,13:20,16:10,2h 50m,non-stop,No info,6121
IndiGo,12/06/2019,Banglore,Delhi,BLR → DEL,16:55,19:55,3h,non-stop,No info,4823
Jet Airways,18/05/2019,Kolkata,Banglore,CCU → BOM → BLR,18:55,04:40 19 May,9h 45m,1 stop,No info,13941
Jet Airways,3/04/2019,Banglore,Delhi,BLR → DEL,18:55,22:00,3h 5m,non-stop,In-flight meal not included,4544
Air India,15/04/2019,Kolkata,Banglore,CCU → BLR,20:45,23:20,2h 35m,non-stop,No info,4145
SpiceJet,6/04/2019,Banglore,Delhi,BLR → DEL,21:10,00:05 07 Apr,2h 55m,non-stop,No check-in baggage included,3919
Vistara,1/06/2019,Chennai,Kolkata,MAA → CCU,17:45,20:05,2h 20m,non-stop,No info,11982
IndiGo,27/06/2019,Delhi,Cochin,DEL → MAA → COK,02:00,07:25,5h 25m,1 stop,No info,5636
Air India,27/03/2019,Delhi,Cochin,DEL → AMD → BOM → COK,16:40,19:15 28 Mar,26h 35m,2 stops,No info,8656
Jet Airways,12/05/2019,Kolkata,Banglore,CCU → BOM → BLR,16:30,22:35,6h 5m,1 stop,In-flight meal not included,10844
Multiple carriers,24/06/2019,Delhi,Cochin,DEL → HYD → COK,07:05,16:10,9h 5m,1 stop,No info,9856
IndiGo,9/04/2019,Banglore,Delhi,BLR → DEL,04:00,06:50,2h 50m,non-stop,No info,3943
Air India,03/03/2019,Banglore,New Delhi,BLR → BOM → AMD → DEL,17:25,08:45 07 Mar,15h 20m,2 stops,No info,11570
Air Asia,12/04/2019,Kolkata,Banglore,CCU → BLR,19:55,22:25,2h 30m,non-stop,No info,4409
Air India,1/06/2019,Delhi,Cochin,DEL → COK,14:10,17:10,3h,non-stop,No info,6934
Jet Airways,12/03/2019,Banglore,New Delhi,BLR → BOM → DEL,22:55,10:25 13 Mar,11h 30m,1 stop,No info,13817
Jet Airways,9/05/2019,Kolkata,Banglore,CCU → DEL → BLR,09:35,09:45 10 May,24h 10m,1 stop,No info,12121
IndiGo,18/06/2019,Kolkata,Banglore,CCU → BLR,17:15,19:50,2h 35m,non-stop,No info,4804
Jet Airways,12/06/2019,Banglore,Delhi,BLR → DEL,08:20,11:20,3h,non-stop,In-flight meal not included,5769
SpiceJet,18/05/2019,Kolkata,Banglore,CCU → BLR,14:55,17:25,2h 30m,non-stop,No info,4174
SpiceJet,24/03/2019,Banglore,New Delhi,BLR → DEL,09:35,12:30,2h 55m,non-stop,No info,6309
SpiceJet,18/05/2019,Mumbai,Hyderabad,BOM → HYD,05:45,07:15,1h 30m,non-stop,No check-in baggage included,1965
Multiple carriers,27/05/2019,Delhi,Cochin,DEL → BOM → COK,07:05,21:00,13h 55m,1 stop,In-flight meal not included,10406
Air India,12/05/2019,Kolkata,Banglore,CCU → BBI → BLR,09:10,13:15,4h 5m,1 stop,No info,8996
Jet Airways,1/05/2019,Kolkata,Banglore,CCU → BOM → BLR,08:25,18:15,9h 50m,1 stop,In-flight meal not included,10844
Multiple carriers,27/06/2019,Delhi,Cochin,DEL → BOM → COK,18:15,01:30 28 Jun,7h 15m,1 stop,No info,13377
SpiceJet,1/05/2019,Kolkata,Banglore,CCU → KNU → BLR,11:35,18:50,7h 15m,1 stop,No info,8479
Jet Airways,01/03/2019,Banglore,New Delhi,BLR → BOM → DEL,18:40,09:00 02 Mar,14h 20m,1 stop,No info,31825
GoAir,24/03/2019,Banglore,New Delhi,BLR → DEL,20:55,23:50,2h 55m,non-stop,No info,5706
Jet Airways,18/03/2019,Banglore,New Delhi,BLR → BOM → DEL,11:40,08:15 16 Mar,20h 35m,1 stop,No info,12284
Jet Airways,24/04/2019,Banglore,Delhi,BLR → DEL,08:20,11:20,3h,non-stop,In-flight meal not included,4544
Jet Airways,27/03/2019,Delhi,Cochin,DEL → BOM → COK,11:30,18:50,7h 20m,1 stop,In-flight meal not included,6017
Jet Airways,21/05/2019,Kolkata,Banglore,CCU → BOM → BLR,08:25,16:20,7h 55m,1 stop,No info,14781
Air India,6/06/2019,Delhi,Cochin,DEL → JDH → BOM → COK,12:55,19:15 07 Jun,30h 20m,2 stops,No info,12646
IndiGo,9/06/2019,Chennai,Kolkata,MAA → CCU,11:35,14:00,2h 25m,non-stop,No info,3858
SpiceJet,1/04/2019,Delhi,Cochin,DEL → BLR → COK,17:55,22:50,4h 55m,1 stop,No info,4957
Jet Airways,24/06/2019,Delhi,Cochin,DEL → BOM → COK,17:30,12:35 25 Jun,19h 5m,1 stop,In-flight meal not included,10262
Jet Airways,24/03/2019,Kolkata,Banglore,CCU → BOM → BLR,19:45,23:25 25 Mar,27h 40m,1 stop,In-flight meal not included,10031
Jet Airways,12/05/2019,Kolkata,Banglore,CCU → BOM → BLR,18:55,09:20 13 May,14h 25m,1 stop,No info,14388
Jet Airways,15/05/2019,Kolkata,Banglore,CCU → BOM → BLR,18:55,22:35 16 May,27h 40m,1 stop,In-flight meal not included,10844
Jet Airways,27/03/2019,Delhi,Cochin,DEL → AMD → BOM → COK,19:10,19:45 28 Mar,24h 35m,2 stops,In-flight meal not included,8882
Jet Airways,24/06/2019,Delhi,Cochin,DEL → JAI → BOM → COK,09:40,12:35 25 Jun,26h 55m,2 stops,No info,13014
Air India,6/06/2019,Kolkata,Banglore,CCU → BOM → BLR,09:25,18:30,9h 5m,1 stop,No info,8366
IndiGo,1/06/2019,Delhi,Cochin,DEL → COK,14:25,17:40,3h 15m,non-stop,No info,6015
Jet Airways,6/03/2019,Delhi,Cochin,DEL → AMD → BOM → COK,19:10,18:50 08 Mar,47h 40m,2 stops,No info,20694
Jet Airways,3/03/2019,Delhi,Cochin,DEL → BOM → COK,07:05,18:50,11h 45m,1 stop,No info,17024
Multiple carriers,1/03/2019,Delhi,Cochin,DEL → HYD → COK,14:35,22:20,7h 45m,1 stop,No info,14762
Air India,1/05/2019,Mumbai,Hyderabad,BOM → HYD,06:20,07:40,1h 20m,non-stop,No info,3625
IndiGo,18/03/2019,Mumbai,Hyderabad,BOM → HYD,20:05,21:35,1h 30m,non-stop,No info,2227
IndiGo,24/04/2019,Kolkata,Banglore,CCU → BLR,09:35,12:20,2h 45m,non-stop,No info,4804
Jet Airways,9/06/2019,Mumbai,Hyderabad,BOM → HYD,02:55,04:20,1h 25m,non-stop,No info,5678
Jet Airways,24/03/2019,Mumbai,Hyderabad,BOM → HYD,07:10,08:35,1h 25m,non-stop,In-flight meal not included,2470
Jet Airways,18/03/2019,Banglore,New Delhi,BLR → BOM → DEL,11:40,18:25,6h 45m,1 stop,No info,12284
IndiGo,12/06/2019,Banglore,Delhi,BLR → DEL,22:10,01:00 13 Jun,2h 50m,non-stop,No info,3419
Jet Airways,21/03/2019,Delhi,Cochin,DEL → BOM → COK,15:00,04:25 22 Mar,13h 25m,1 stop,No info,12767
Vistara,18/05/2019,Banglore,Delhi,BLR → DEL,21:00,23:50,2h 50m,non-stop,No info,4668
SpiceJet,15/05/2019,Banglore,Delhi,BLR → DEL,21:10,00:05 16 May,2h 55m,non-stop,No info,3625
SpiceJet,27/05/2019,Chennai,Kolkata,MAA → CCU,09:45,12:00,2h 15m,non-stop,No info,3597
IndiGo,21/04/2019,Kolkata,Banglore,CCU → BLR,15:15,17:45,2h 30m,non-stop,No info,5224
IndiGo,15/06/2019,Delhi,Cochin,DEL → BLR → COK,17:05,22:25,5h 20m,1 stop,No info,6147
Jet Airways,18/06/2019,Banglore,Delhi,BLR → DEL,15:50,18:45,2h 55m,non-stop,No info,8016
Air India,1/05/2019,Kolkata,Banglore,CCU → BBI → BOM → BLR,12:00,11:10 02 May,23h 10m,2 stops,No info,11148
Jet Airways,15/06/2019,Delhi,Cochin,DEL → NAG → BOM → COK,14:35,04:25 16 Jun,13h 50m,2 stops,No info,13376
Air India,12/06/2019,Delhi,Cochin,DEL → LKO → BOM → COK,18:30,19:15 13 Jun,24h 45m,2 stops,No info,12488
Jet Airways,21/03/2019,Delhi,Cochin,DEL → BOM → COK,15:00,04:25 22 Mar,13h 25m,1 stop,In-flight meal not included,6017
IndiGo,15/06/2019,Banglore,Delhi,BLR → DEL,08:30,11:20,2h 50m,non-stop,No info,4823
Air India,21/03/2019,Delhi,Cochin,DEL → MAA → COK,09:45,09:25 22 Mar,23h 40m,1 stop,No info,7532
Air India,9/06/2019,Kolkata,Banglore,CCU → BOM → GOI → BLR,09:25,05:35 10 Jun,20h 10m,2 stops,No info,11432
Vistara,6/06/2019,Banglore,Delhi,BLR → DEL,19:30,22:15,2h 45m,non-stop,No info,5088
SpiceJet,27/03/2019,Delhi,Cochin,DEL → MAA → COK,06:10,11:20,5h 10m,1 stop,No info,5351
Vistara,12/06/2019,Kolkata,Banglore,CCU → DEL → BLR,07:10,23:25,16h 15m,1 stop,No info,8610
Jet Airways,6/03/2019,Delhi,Cochin,DEL → BHO → BOM → COK,05:40,04:25 07 Mar,22h 45m,2 stops,In-flight meal not included,17271
Jet Airways,21/05/2019,Kolkata,Banglore,CCU → DEL → BLR,17:00,14:25 22 May,21h 25m,1 stop,In-flight meal not included,9314
SpiceJet,27/03/2019,Kolkata,Banglore,CCU → BLR,22:20,00:40 28 Mar,2h 20m,non-stop,No info,3847
Air India,15/05/2019,Delhi,Cochin,DEL → BOM → COK,09:00,19:15,10h 15m,1 stop,No info,8372
Multiple carriers,15/06/2019,Delhi,Cochin,DEL → BOM → COK,10:35,19:00,8h 25m,1 stop,No info,10877
SpiceJet,12/05/2019,Banglore,Delhi,BLR → DEL,09:30,12:20,2h 50m,non-stop,No info,4423
IndiGo,15/03/2019,Chennai,Kolkata,MAA → CCU,22:05,00:30 13 Mar,2h 25m,non-stop,No info,6297
Vistara,27/06/2019,Delhi,Cochin,DEL → COK,14:40,17:50,3h 10m,non-stop,No info,6216
Multiple carriers,6/06/2019,Delhi,Cochin,DEL → BOM → COK,10:00,21:00,11h,1 stop,No info,7933
Multiple carriers,15/06/2019,Delhi,Cochin,DEL → BOM → COK,04:55,12:35,7h 40m,1 stop,No info,10678
SpiceJet,18/03/2019,Mumbai,Hyderabad,BOM → HYD,22:45,00:10 19 Mar,1h 25m,non-stop,No info,2017
IndiGo,18/06/2019,Delhi,Cochin,DEL → COK,14:20,17:35,3h 15m,non-stop,No info,5000
Air India,9/03/2019,Delhi,Cochin,DEL → BHO → BOM → COK,05:55,19:15,13h 20m,2 stops,No info,18736
Jet Airways,1/05/2019,Banglore,Delhi,BLR → DEL,07:10,10:10,3h,non-stop,In-flight meal not included,4030
Jet Airways,18/05/2019,Delhi,Cochin,DEL → JAI → BOM → COK,19:30,12:35 19 May,17h 5m,2 stops,In-flight meal not included,10368
Jet Airways,6/05/2019,Kolkata,Banglore,CCU → BOM → BLR,16:30,09:20 07 May,16h 50m,1 stop,In-flight meal not included,9663
Vistara,15/04/2019,Banglore,Delhi,BLR → DEL,19:30,22:15,2h 45m,non-stop,No info,5613
Jet Airways,9/05/2019,Kolkata,Banglore,CCU → BOM → BLR,14:05,08:15 10 May,18h 10m,1 stop,In-flight meal not included,7757
IndiGo,15/06/2019,Delhi,Cochin,DEL → HYD → COK,07:35,16:10,8h 35m,1 stop,No info,6442
IndiGo,6/05/2019,Mumbai,Hyderabad,BOM → HYD,19:05,20:35,1h 30m,non-stop,No info,2754
Air India,24/03/2019,Banglore,New Delhi,BLR → DEL,06:10,08:55,2h 45m,non-stop,No info,3758
Air Asia,12/06/2019,Delhi,Cochin,DEL → BLR → COK,07:55,22:25,14h 30m,1 stop,No info,6152
Multiple carriers,21/03/2019,Delhi,Cochin,DEL → BOM → COK,07:00,21:00,14h,1 stop,No info,7618
Air India,3/03/2019,Delhi,Cochin,DEL → AMD → BOM → COK,19:45,19:15 04 Mar,23h 30m,2 stops,No info,12646
Jet Airways,15/05/2019,Kolkata,Banglore,CCU → BOM → BLR,14:05,22:35,8h 30m,1 stop,No info,14781
Multiple carriers,27/06/2019,Delhi,Cochin,DEL → BOM → COK,10:00,01:30 28 Jun,15h 30m,1 stop,No info,13377
Jet Airways,27/05/2019,Delhi,Cochin,DEL → COK,11:00,14:15,3h 15m,non-stop,No info,9564
GoAir,15/03/2019,Banglore,New Delhi,BLR → DEL,11:40,14:35,2h 55m,non-stop,No info,6113
Air India,01/03/2019,Banglore,New Delhi,BLR → BOM → BHO → DEL,06:45,09:25 02 Mar,26h 40m,2 stops,2 Long layover,26480
Jet Airways,12/06/2019,Banglore,Delhi,BLR → DEL,07:10,10:10,3h,non-stop,In-flight meal not included,5769
SpiceJet,27/03/2019,Mumbai,Hyderabad,BOM → HYD,05:45,07:05,1h 20m,non-stop,No info,1759
IndiGo,12/06/2019,Delhi,Cochin,DEL → BOM → COK,17:10,01:30 13 Jun,8h 20m,1 stop,No info,5883
Air India,3/04/2019,Banglore,Delhi,BLR → DEL,10:00,12:45,2h 45m,non-stop,No info,5176
IndiGo,27/06/2019,Kolkata,Banglore,CCU → BLR,20:25,23:10,2h 45m,non-stop,No info,4804
GoAir,21/06/2019,Banglore,Delhi,BLR → DEL,11:40,14:30,2h 50m,non-stop,No info,3398
Air India,24/05/2019,Kolkata,Banglore,CCU → BBI → BOM → BLR,12:00,07:55 25 May,19h 55m,2 stops,No info,9416
SpiceJet,21/06/2019,Kolkata,Banglore,CCU → BLR,06:55,09:30,2h 35m,non-stop,No check-in baggage included,3841
Jet Airways,27/06/2019,Delhi,Cochin,DEL → BOM → COK,20:55,19:00 28 Jun,22h 5m,1 stop,In-flight meal not included,10262
IndiGo,24/06/2019,Kolkata,Banglore,CCU → BLR,22:15,00:50 25 Jun,2h 35m,non-stop,No info,4804
Jet Airways,3/04/2019,Delhi,Cochin,DEL → BOM → COK,02:15,12:35,10h 20m,1 stop,In-flight meal not included,5177
IndiGo,9/05/2019,Mumbai,Hyderabad,BOM → HYD,20:05,21:40,1h 35m,non-stop,No info,2437
GoAir,9/03/2019,Delhi,Cochin,DEL → AMD → COK,06:00,13:20,7h 20m,1 stop,No info,8422
Multiple carriers,24/06/2019,Delhi,Cochin,DEL → BOM → COK,08:00,21:00,13h,1 stop,No info,13797
Jet Airways,6/06/2019,Delhi,Cochin,DEL → JAI → BOM → COK,09:40,04:25 07 Jun,18h 45m,2 stops,In-flight meal not included,10368
IndiGo,18/05/2019,Delhi,Cochin,DEL → BOM → COK,17:10,01:30 19 May,8h 20m,1 stop,No info,7081
IndiGo,3/03/2019,Delhi,Cochin,DEL → HYD → COK,04:55,16:10,11h 15m,1 stop,No info,8513
Jet Airways,12/04/2019,Banglore,Delhi,BLR → DEL,07:10,10:10,3h,non-stop,No info,7229
Air India,03/03/2019,Banglore,New Delhi,BLR → HYD → DEL,08:15,12:15,4h,1 stop,No info,6273
Air India,9/06/2019,Mumbai,Hyderabad,BOM → HYD,15:00,16:25,1h 25m,non-stop,No info,3100
IndiGo,18/06/2019,Kolkata,Banglore,CCU → BLR,22:15,00:50 19 Jun,2h 35m,non-stop,No info,4804
Jet Airways,24/03/2019,Banglore,New Delhi,BLR → DEL,19:55,22:35,2h 40m,non-stop,No info,7229
SpiceJet,18/04/2019,Kolkata,Banglore,CCU → BLR,09:00,11:25,2h 25m,non-stop,No check-in baggage included,3841
Jet Airways,18/05/2019,Kolkata,Banglore,CCU → BOM → BLR,20:00,08:15 19 May,12h 15m,1 stop,In-flight meal not included,8586
Multiple carriers,15/06/2019,Delhi,Cochin,DEL → BOM → COK,08:30,19:00,10h 30m,1 stop,No info,11200
Multiple carriers,6/03/2019,Delhi,Cochin,DEL → BOM → COK,07:05,13:20,6h 15m,1 stop,No info,17267
Jet Airways,9/05/2019,Kolkata,Banglore,CCU → BOM → BLR,18:55,10:05 10 May,15h 10m,1 stop,In-flight meal not included,8586
Air India,9/05/2019,Kolkata,Banglore,CCU → BOM → GOI → BLR,16:50,05:35 10 May,12h 45m,2 stops,No info,11432
Air India,1/06/2019,Delhi,Cochin,DEL → JAI → BOM → COK,18:45,19:15 02 Jun,24h 30m,2 stops,No info,12940
IndiGo,1/03/2019,Mumbai,Hyderabad,BOM → HYD,21:20,22:45,1h 25m,non-stop,No info,12475
Jet Airways,24/03/2019,Kolkata,Banglore,CCU → BOM → BLR,16:55,22:35,5h 40m,1 stop,In-flight meal not included,11134
IndiGo,18/04/2019,Kolkata,Banglore,CCU → BLR,09:35,12:20,2h 45m,non-stop,No info,5644
Multiple carriers,12/06/2019,Delhi,Cochin,DEL → BOM → COK,11:25,19:00,7h 35m,1 stop,No info,10877
Jet Airways,21/04/2019,Banglore,Delhi,BLR → DEL,06:00,08:45,2h 45m,non-stop,No info,7229
Jet Airways,9/05/2019,Kolkata,Banglore,CCU → BOM → BLR,16:30,18:15 10 May,25h 45m,1 stop,In-flight meal not included,8586
Jet Airways,12/06/2019,Delhi,Cochin,DEL → JAI → BOM → COK,05:30,19:00,13h 30m,2 stops,In-flight meal not included,10368
Air India,1/06/2019,Delhi,Cochin,DEL → AMD → BOM → COK,16:40,19:15 02 Jun,26h 35m,2 stops,No info,9863
IndiGo,12/06/2019,Kolkata,Banglore,CCU → BBI → BLR,07:10,12:40,5h 30m,1 stop,No info,4864
Air Asia,12/03/2019,Kolkata,Banglore,CCU → BLR,19:35,22:05,2h 30m,non-stop,No info,4384
Air India,18/05/2019,Delhi,Cochin,DEL → CCU → BOM → COK,06:50,07:40 19 May,24h 50m,2 stops,No info,13591
Jet Airways,15/05/2019,Kolkata,Banglore,CCU → DEL → BLR,09:35,19:10,9h 35m,1 stop,In-flight meal not included,12384
Jet Airways,18/05/2019,Delhi,Cochin,DEL → BOM → COK,15:00,04:25 19 May,13h 25m,1 stop,In-flight meal not included,12373
Jet Airways,6/06/2019,Delhi,Cochin,DEL → JAI → BOM → COK,05:30,19:00,13h 30m,2 stops,In-flight meal not included,10368
Air India,1/05/2019,Kolkata,Banglore,CCU → IXR → DEL → BLR,05:50,12:30 02 May,30h 40m,2 stops,No info,12723
Jet Airways,21/03/2019,Delhi,Cochin,DEL → BOM → COK,22:00,18:50 22 Mar,20h 50m,1 stop,No info,12242
Jet Airways,12/06/2019,Banglore,Delhi,BLR → DEL,11:10,14:05,2h 55m,non-stop,In-flight meal not included,5769
IndiGo,21/05/2019,Delhi,Cochin,DEL → BOM → COK,07:30,21:00,13h 30m,1 stop,No info,7006
Air India,27/05/2019,Delhi,Cochin,DEL → BOM → COK,21:00,19:15 28 May,22h 15m,1 stop,No info,8372
Jet Airways,24/05/2019,Kolkata,Banglore,CCU → BOM → BLR,14:05,09:20 25 May,19h 15m,1 stop,No info,14178
Jet Airways,01/03/2019,Banglore,New Delhi,BLR → BOM → DEL,14:05,09:00 02 Mar,18h 55m,1 stop,No info,20800
Vistara,1/05/2019,Kolkata,Banglore,CCU → DEL → BLR,07:10,09:05 02 May,25h 55m,1 stop,No info,8452
Jet Airways,12/05/2019,Kolkata,Banglore,CCU → BOM → BLR,21:10,18:15 13 May,21h 5m,1 stop,In-flight meal not included,10844
Vistara,12/05/2019,Banglore,Delhi,BLR → DEL,21:00,23:50,2h 50m,non-stop,No info,4668
Jet Airways,1/04/2019,Kolkata,Banglore,CCU → BOM → BLR,16:30,20:45 02 Apr,28h 15m,1 stop,No info,12681
Air India,6/04/2019,Delhi,Cochin,DEL → MAA → COK,06:05,09:25 07 Apr,27h 20m,1 stop,No info,4487
Jet Airways,9/06/2019,Kolkata,Banglore,CCU → BOM → BLR,14:05,19:50,5h 45m,1 stop,No info,14571
SpiceJet,27/04/2019,Kolkata,Banglore,CCU → BLR,22:20,00:40 28 Apr,2h 20m,non-stop,No check-in baggage included,3841
SpiceJet,3/06/2019,Kolkata,Banglore,CCU → BLR,22:20,00:40 04 Jun,2h 20m,non-stop,No info,3873
Air India,1/05/2019,Kolkata,Banglore,CCU → BOM → COK → BLR,16:50,13:45 02 May,20h 55m,2 stops,No info,16372
Air India,24/05/2019,Kolkata,Banglore,CCU → BOM → AMD → BLR,09:25,05:25 25 May,20h,2 stops,No info,14897
Multiple carriers,15/06/2019,Delhi,Cochin,DEL → BOM → COK,10:35,19:15,8h 40m,1 stop,No info,8614
Air India,27/06/2019,Delhi,Cochin,DEL → AMD → BOM → COK,16:40,19:15 28 Jun,26h 35m,2 stops,No info,9653
IndiGo,21/05/2019,Kolkata,Banglore,CCU → HYD → BLR,19:20,23:45,4h 25m,1 stop,No info,3574
Jet Airways,1/04/2019,Kolkata,Banglore,CCU → BOM → BLR,20:00,16:20 02 Apr,20h 20m,1 stop,In-flight meal not included,7064
IndiGo,21/06/2019,Mumbai,Hyderabad,BOM → HYD,09:10,10:40,1h 30m,non-stop,No info,5755
Air India,18/05/2019,Kolkata,Banglore,CCU → BOM → COK → BLR,16:50,13:45 19 May,20h 55m,2 stops,No info,13432
Air India,9/05/2019,Delhi,Cochin,DEL → BOM → COK,07:00,19:15,12h 15m,1 stop,No info,8669
Multiple carriers,3/03/2019,Delhi,Cochin,DEL → BOM → COK,02:15,11:30,9h 15m,1 stop,No info,17057
Jet Airways,06/03/2019,Banglore,New Delhi,BLR → BOM → DEL,14:05,09:30 07 Mar,19h 25m,1 stop,No info,17261
Multiple carriers,6/06/2019,Delhi,Cochin,DEL → BOM → COK,15:15,01:30 07 Jun,10h 15m,1 stop,No info,6795
Jet Airways,6/05/2019,Kolkata,Banglore,CCU → BOM → BLR,14:05,20:45,6h 40m,1 stop,In-flight meal not included,9663
Multiple carriers,15/06/2019,Delhi,Cochin,DEL → BOM → COK,08:45,19:00,10h 15m,1 stop,No info,11789
Jet Airways,24/06/2019,Delhi,Cochin,DEL → BOM → COK,18:15,19:00 25 Jun,24h 45m,1 stop,In-flight meal not included,10262
SpiceJet,15/05/2019,Kolkata,Banglore,CCU → IXB → BLR,11:15,18:30,7h 15m,1 stop,No info,8844
Jet Airways,12/05/2019,Banglore,Delhi,BLR → DEL,15:15,18:10,2h 55m,non-stop,In-flight meal not included,4544
Multiple carriers,27/03/2019,Delhi,Cochin,DEL → BOM → COK,07:00,13:20,6h 20m,1 stop,No info,6148
IndiGo,27/05/2019,Mumbai,Hyderabad,BOM → HYD,20:05,21:40,1h 35m,non-stop,No info,2227
Jet Airways,12/06/2019,Delhi,Cochin,DEL → IDR → BOM → COK,05:30,04:25 13 Jun,22h 55m,2 stops,No info,13292
Air Asia,24/03/2019,Banglore,New Delhi,BLR → DEL,23:25,02:10 22 Mar,2h 45m,non-stop,No info,3383
Jet Airways,12/06/2019,Delhi,Cochin,DEL → ATQ → BOM → COK,20:00,19:00 13 Jun,23h,2 stops,No info,14300
Jet Airways,21/05/2019,Kolkata,Banglore,CCU → BOM → BLR,18:55,12:00 22 May,17h 5m,1 stop,In-flight meal not included,10844
SpiceJet,12/06/2019,Delhi,Cochin,DEL → PNQ → COK,08:45,13:15,4h 30m,1 stop,No check-in baggage included,5158
Jet Airways,27/06/2019,Delhi,Cochin,DEL → AMD → BOM → COK,23:05,12:35 28 Jun,13h 30m,2 stops,No info,12819
IndiGo,3/06/2019,Delhi,Cochin,DEL → BOM → COK,16:00,01:30 04 Jun,9h 30m,1 stop,No info,6628
Jet Airways,1/06/2019,Delhi,Cochin,DEL → BOM → COK,10:00,12:35 02 Jun,26h 35m,1 stop,In-flight meal not included,10262
Jet Airways,21/04/2019,Banglore,Delhi,BLR → DEL,15:15,18:10,2h 55m,non-stop,In-flight meal not included,4544
Jet Airways,9/05/2019,Delhi,Cochin,DEL → BOM → COK,18:15,19:00 10 May,24h 45m,1 stop,In-flight meal not included,12373
Air India,15/05/2019,Delhi,Cochin,DEL → AMD → BOM → COK,05:00,07:40 16 May,26h 40m,2 stops,No info,11281
IndiGo,3/06/2019,Delhi,Cochin,DEL → HYD → COK,14:20,22:30,8h 10m,1 stop,No info,6938
Multiple carriers,6/03/2019,Delhi,Cochin,DEL → BOM → COK,10:20,21:00,10h 40m,1 stop,No info,15147
Air India,18/05/2019,Delhi,Cochin,DEL → AMD → BOM → COK,05:00,07:40 19 May,26h 40m,2 stops,No info,11228
IndiGo,9/06/2019,Delhi,Cochin,DEL → MAA → COK,02:00,07:25,5h 25m,1 stop,No info,5636
SpiceJet,12/05/2019,Banglore,Delhi,BLR → DEL,09:30,12:20,2h 50m,non-stop,No check-in baggage included,4319
IndiGo,21/03/2019,Banglore,New Delhi,BLR → DEL,20:00,22:55,2h 55m,non-stop,No info,6144
Jet Airways,1/05/2019,Kolkata,Banglore,CCU → BOM → BLR,08:25,19:50,11h 25m,1 stop,No info,14781
IndiGo,21/03/2019,Delhi,Cochin,DEL → BOM → COK,09:10,01:35 22 Mar,16h 25m,1 stop,No info,8765
Jet Airways,12/05/2019,Kolkata,Banglore,CCU → BOM → BLR,06:30,04:40 13 May,22h 10m,1 stop,In-flight meal not included,8586
IndiGo,12/05/2019,Mumbai,Hyderabad,BOM → HYD,12:00,13:30,1h 30m,non-stop,No info,2754
IndiGo,21/05/2019,Chennai,Kolkata,MAA → CCU,13:15,15:35,2h 20m,non-stop,No info,3597
Jet Airways,18/05/2019,Mumbai,Hyderabad,BOM → HYD,07:05,08:30,1h 25m,non-stop,In-flight meal not included,4050
Jet Airways,09/03/2019,Banglore,New Delhi,BLR → BOM → DEL,08:00,21:20,13h 20m,1 stop,In-flight meal not included,11087
Jet Airways,3/06/2019,Banglore,Delhi,BLR → DEL,18:55,22:00,3h 5m,non-stop,No info,8016
Multiple carriers,6/03/2019,Delhi,Cochin,DEL → BOM → COK,10:20,01:35 07 Mar,15h 15m,1 stop,No info,15147
Jet Airways,1/04/2019,Banglore,Delhi,BLR → DEL,15:15,18:10,2h 55m,non-stop,No info,7229
Jet Airways,1/06/2019,Delhi,Cochin,DEL → JAI → BOM → COK,09:40,12:35 02 Jun,26h 55m,2 stops,No info,13014
IndiGo,27/05/2019,Mumbai,Hyderabad,BOM → HYD,02:35,04:05,1h 30m,non-stop,No info,2754
Vistara,12/04/2019,Banglore,Delhi,BLR → DEL,17:00,19:35,2h 35m,non-stop,No info,5613
IndiGo,27/04/2019,Delhi,Cochin,DEL → LKO → COK,21:50,03:35 28 Apr,5h 45m,1 stop,No info,6307
IndiGo,6/04/2019,Kolkata,Banglore,CCU → BLR,17:15,19:50,2h 35m,non-stop,No info,4174
IndiGo,27/06/2019,Kolkata,Banglore,CCU → BLR,22:15,00:50 28 Jun,2h 35m,non-stop,No info,4804
Air India,15/05/2019,Kolkata,Banglore,CCU → GAU → DEL → BLR,16:45,08:55 16 May,16h 10m,2 stops,No info,14960
Jet Airways,9/04/2019,Delhi,Cochin,DEL → AMD → BOM → COK,23:05,19:00 10 Apr,19h 55m,2 stops,No info,9483
Vistara,6/06/2019,Kolkata,Banglore,CCU → DEL → BLR,20:20,22:40 07 Jun,26h 20m,1 stop,No info,8662
Jet Airways,9/05/2019,Delhi,Cochin,DEL → JDH → BOM → COK,11:40,19:00,7h 20m,2 stops,In-flight meal not included,19644
GoAir,24/03/2019,Banglore,New Delhi,BLR → DEL,11:40,14:35,2h 55m,non-stop,No info,4340
Jet Airways,21/05/2019,Kolkata,Banglore,CCU → BOM → BLR,20:00,18:15 22 May,22h 15m,1 stop,In-flight meal not included,10844
SpiceJet,9/05/2019,Kolkata,Banglore,CCU → IXB → BLR,15:55,21:25,5h 30m,1 stop,No info,8224
Multiple carriers,3/03/2019,Delhi,Cochin,DEL → HYD → COK,07:05,16:10,9h 5m,1 stop,No info,7905
Jet Airways,24/03/2019,Kolkata,Banglore,CCU → BOM → BLR,16:55,19:40 25 Mar,26h 45m,1 stop,In-flight meal not included,11134
IndiGo,15/05/2019,Delhi,Cochin,DEL → BLR → COK,02:00,07:45,5h 45m,1 stop,No info,6037
Jet Airways,6/06/2019,Kolkata,Banglore,CCU → DEL → BLR,17:00,10:55 07 Jun,17h 55m,1 stop,No info,12692
Multiple carriers,27/05/2019,Delhi,Cochin,DEL → BOM → COK,18:15,01:30 28 May,7h 15m,1 stop,In-flight meal not included,7308
Jet Airways,6/06/2019,Delhi,Cochin,DEL → JAI → BOM → COK,09:40,12:35 07 Jun,26h 55m,2 stops,In-flight meal not included,11733
Jet Airways,1/06/2019,Delhi,Cochin,DEL → BOM → COK,22:50,12:35 02 Jun,13h 45m,1 stop,No info,14714
Jet Airways,15/05/2019,Kolkata,Banglore,CCU → BOM → BLR,06:30,12:00,5h 30m,1 stop,No info,14388
Jet Airways,24/04/2019,Banglore,Delhi,BLR → DEL,18:55,22:00,3h 5m,non-stop,No info,7229
Jet Airways,21/03/2019,Banglore,New Delhi,BLR → BOM → DEL,21:25,11:25 19 Mar,14h,1 stop,In-flight meal not included,7832
Air India,3/06/2019,Delhi,Cochin,DEL → RPR → NAG → BOM → COK,05:15,19:15 04 Jun,38h,3 stops,No info,10493
Jet Airways,9/03/2019,Delhi,Cochin,DEL → BOM → COK,18:15,18:50 10 Mar,24h 35m,1 stop,In-flight meal not included,14053
IndiGo,6/03/2019,Chennai,Kolkata,MAA → CCU,07:55,10:15,2h 20m,non-stop,No info,7295
Air India,21/05/2019,Kolkata,Banglore,CCU → JAI → BOM → BLR,08:20,11:10 22 May,26h 50m,2 stops,No info,11222
Multiple carriers,18/05/2019,Delhi,Cochin,DEL → BOM → COK,19:00,01:30 19 May,6h 30m,1 stop,No info,7670
Multiple carriers,6/06/2019,Delhi,Cochin,DEL → BOM → COK,10:35,19:00,8h 25m,1 stop,No info,10877
Multiple carriers,3/03/2019,Delhi,Cochin,DEL → BOM → COK,07:05,15:30,8h 25m,1 stop,No info,17057
Jet Airways,6/06/2019,Delhi,Cochin,DEL → IDR → BOM → COK,05:30,19:00,13h 30m,2 stops,In-flight meal not included,11507
Jet Airways,18/06/2019,Delhi,Cochin,DEL → COK,09:50,13:05,3h 15m,non-stop,In-flight meal not included,4466
Air India,1/06/2019,Delhi,Cochin,DEL → CCU → BOM → COK,16:55,19:15 02 Jun,26h 20m,2 stops,No info,13801
IndiGo,1/03/2019,Kolkata,Banglore,CCU → BLR,21:25,00:05 02 Mar,2h 40m,non-stop,No info,4778
Jet Airways,15/05/2019,Kolkata,Banglore,CCU → DEL → BLR,09:35,18:00,8h 25m,1 stop,In-flight meal not included,12384
Multiple carriers,27/06/2019,Delhi,Cochin,DEL → BOM → COK,04:55,12:35,7h 40m,1 stop,No info,10678
Air India,9/03/2019,Delhi,Cochin,DEL → TRV → COK,05:15,06:50 10 Mar,25h 35m,1 stop,No info,9790
Jet Airways,1/05/2019,Kolkata,Banglore,CCU → BOM → BLR,14:05,12:00 02 May,21h 55m,1 stop,No info,14388
SpiceJet,12/06/2019,Banglore,Delhi,BLR → DEL,05:55,08:35,2h 40m,non-stop,No check-in baggage included,4319
Jet Airways,3/05/2019,Mumbai,Hyderabad,BOM → HYD,02:55,04:20,1h 25m,non-stop,No info,5678
Vistara,6/04/2019,Banglore,Delhi,BLR → DEL,07:00,09:40,2h 40m,non-stop,No info,5613
Jet Airways,6/05/2019,Kolkata,Banglore,CCU → BOM → BLR,20:00,09:20 07 May,13h 20m,1 stop,In-flight meal not included,9663
Jet Airways,18/06/2019,Banglore,Delhi,BLR → DEL,11:10,14:05,2h 55m,non-stop,In-flight meal not included,5769
Vistara,1/05/2019,Banglore,Delhi,BLR → DEL,21:00,23:50,2h 50m,non-stop,No info,4668
Vistara,21/03/2019,Banglore,New Delhi,BLR → DEL,21:10,00:05 19 Mar,2h 55m,non-stop,No info,4878
Air India,9/05/2019,Delhi,Cochin,DEL → BOM → COK,13:00,19:15,6h 15m,1 stop,No info,8372
Air India,24/03/2019,Kolkata,Banglore,CCU → BOM → GOI → BLR,09:25,05:35 25 Mar,20h 10m,2 stops,No info,12352
Jet Airways,6/06/2019,Delhi,Cochin,DEL → JAI → BOM → COK,19:30,12:35 07 Jun,17h 5m,2 stops,In-flight meal not included,11733
IndiGo,9/04/2019,Banglore,Delhi,BLR → DEL,18:55,21:50,2h 55m,non-stop,No info,4823
IndiGo,27/04/2019,Kolkata,Banglore,CCU → BLR,15:15,17:45,2h 30m,non-stop,No info,4804
Jet Airways,12/06/2019,Delhi,Cochin,DEL → BOM → COK,18:15,19:00 13 Jun,24h 45m,1 stop,In-flight meal not included,10262
Jet Airways,12/03/2019,Banglore,New Delhi,BLR → BOM → DEL,22:55,20:20 13 Mar,21h 25m,1 stop,In-flight meal not included,11087
Jet Airways,9/05/2019,Delhi,Cochin,DEL → JDH → BOM → COK,11:40,19:00,7h 20m,2 stops,No info,21219
Air India,15/06/2019,Delhi,Cochin,DEL → BOM → COK,08:00,19:15,11h 15m,1 stop,No info,9929
Air India,12/05/2019,Kolkata,Banglore,CCU → IXR → DEL → BLR,05:50,23:15,17h 25m,2 stops,No info,11411
Air India,6/06/2019,Mumbai,Hyderabad,BOM → HYD,21:05,22:25,1h 20m,non-stop,No info,3100
Jet Airways,27/06/2019,Delhi,Cochin,DEL → AMD → BOM → COK,23:05,19:00 28 Jun,19h 55m,2 stops,In-flight meal not included,11150
Jet Airways,27/05/2019,Delhi,Cochin,DEL → AMD → BOM → COK,13:25,04:25 28 May,15h,2 stops,No info,16704
Jet Airways,12/03/2019,Banglore,New Delhi,BLR → BOM → DEL,20:35,21:20 13 Mar,24h 45m,1 stop,In-flight meal not included,11087
Air India,9/06/2019,Mumbai,Hyderabad,BOM → HYD,06:20,07:40,1h 20m,non-stop,No info,3100
Multiple carriers,1/05/2019,Delhi,Cochin,DEL → BOM → COK,10:20,19:00,8h 40m,1 stop,No info,9794
SpiceJet,21/05/2019,Banglore,Delhi,BLR → DEL,05:55,08:35,2h 40m,non-stop,No check-in baggage included,3257
Air Asia,9/04/2019,Kolkata,Banglore,CCU → BLR,19:55,22:25,2h 30m,non-stop,No info,4107
Air India,27/04/2019,Kolkata,Banglore,CCU → BLR,20:45,23:20,2h 35m,non-stop,No info,4145
Jet Airways,27/04/2019,Banglore,Delhi,BLR → DEL,08:20,11:20,3h,non-stop,No info,7229
Vistara,01/03/2019,Banglore,New Delhi,BLR → DEL,11:30,14:10,2h 40m,non-stop,No info,12648
Air India,9/05/2019,Delhi,Cochin,DEL → GOI → BOM → COK,10:55,19:15,8h 20m,2 stops,No info,11753
